FAC3,s350,s360,s370,s380,s390,s400,s410,s420,s430,s440,s450,s460,s470,s480,s490,s500,s510,s520,s530,s540,s550,s560,s570,s580,s590,s600,s610,s620,s630,s640,s650,s660,s670,s680,s690,s700,s710,s720,s730,s740,s750,s760,s770,s780,s790,s800,s810,s820,s830,s840,s850,s860,s870,s880,s890,s900,s910,s920,s930,s940,s950,s960,s970,s980,s990,s1000,s1010,s1020,s1030,s1040,s1050,s1060,s1070,s1080,s1090,s1100,s1110,s1120,s1130,s1140,s1150,s1160,s1170,s1180,s1190,s1200,s1210,s1220,s1230,s1240,s1250,s1260,s1270,s1280,s1290,s1300,s1310,s1320,s1330,s1340,s1350,s1360,s1370,s1380,s1390,s1400,s1410,s1420,s1430,s1440,s1450,s1460,s1470,s1480,s1490,s1500,s1510,s1520,s1530,s1540,s1550,s1560,s1570,s1580,s1590,s1600,s1610,s1620,s1630,s1640,s1650,s1660,s1670,s1680,s1690,s1700,s1710,s1720,s1730,s1740,s1750,s1760,s1770,s1780,s1790,s1800,s1810,s1820,s1830,s1840,s1850,s1860,s1870,s1880,s1890,s1900,s1910,s1920,s1930,s1940,s1950,s1960,s1970,s1980,s1990,s2000,s2010,s2020,s2030,s2040,s2050,s2060,s2070,s2080,s2090,s2100,s2110,s2120,s2130,s2140,s2150,s2160,s2170,s2180,s2190,s2200,s2210,s2220,s2230,s2240,s2250,s2260,s2270,s2280,s2290,s2300,s2310,s2320,s2330,s2340,s2350,s2360,s2370,s2380,s2390,s2400,s2410,s2420,s2430,s2440,s2450,s2460,s2470,s2480,s2490,SR550650,DR580650,SR650750,DR680750
2.6049,0.10501,0.1036,0.1023,0.10096,0.09995,0.09876,0.09781,0.09754,0.09771,0.09749,0.09683,0.09586,0.09504,0.09436,0.09443,0.09529,0.09593,0.09613,0.09597,0.09535,0.0939,0.09331,0.09201,0.09023,0.08775,0.08501,0.08329,0.08176,0.08045,0.07902,0.0771,0.07491,0.07355,0.073,0.0724,0.07024,0.06596,0.05962,0.05212,0.04918,0.04854,0.0482,0.04821,0.04879,0.04963,0.05005,0.04896,0.04537,0.04024,0.03818,0.03695,0.03582,0.03448,0.03287,0.03142,0.03009,0.02829,0.02603,0.02397,0.02126,0.02056,0.02015,0.01991,0.01964,0.01987,0.01884,0.01874,0.01901,0.01934,0.01967,0.01998,0.02005,0.0197,0.01915,0.01858,0.0181,0.01764,0.01675,0.01596,0.01572,0.01526,0.01541,0.01537,0.01534,0.01523,0.01515,0.01504,0.01499,0.01491,0.01481,0.01475,0.01463,0.0145,0.01438,0.01423,0.01405,0.01392,0.0139,0.01383,0.01431,0.02667,0.06779,0.12134,0.11472,0.08196,0.059,0.05099,0.01775,0.0173,0.01381,0.01352,0.01339,0.0133,0.01305,0.01289,0.01285,0.01289,0.01289,0.01293,0.01288,0.01289,0.0129,0.01285,0.01285,0.01283,0.01276,0.01274,0.01275,0.01271,0.01266,0.01271,0.01269,0.01268,0.01266,0.01269,0.01265,0.01269,0.01263,0.01258,0.01255,0.01251,0.01256,0.01248,0.01272,0.01248,0.01694,0.05492,0.1258,0.81484,0.3914,0.52768,0.2694,0.95246,0.4509,0.99319,0,0.88132,0.36497,0.15192,0.04476,0.01769,0.01024,0.01127,0.01093,0.01119,0.01065,0.01092,0.01132,0.01118,0.01122,0.01115,0.01113,0.01116,0.01154,0.01144,0.01123,0.0114,0.01157,0.01156,0.01164,0.01145,0.01128,0.01114,0.01131,0.01108,0.01112,0.01101,0.01088,0.01108,0.01098,0.01096,0.01107,0.01064,0.01078,0.01068,0.01056,0.01059,0.01027,0.01052,0.00979,0.01053,0.01123,0.01028,0.01013,0.01109,0.0112,0.01562,0.01465,0.01656,0.02167,0.0242,0.02555,0.08029,0.25771,0.68763,1.21784,0.01312,1.58838,0.02446
0.31067,0.39839,0.40515,0.41045,0.41444,0.41691,0.41871,0.42034,0.42229,0.4234,0.42399,0.42436,0.42517,0.42608,0.42662,0.42752,0.42918,0.42972,0.42857,0.42631,0.4292,0.44154,0.42565,0.42215,0.4248,0.4241,0.42004,0.41892,0.41843,0.41737,0.41678,0.41499,0.41148,0.40967,0.40887,0.40695,0.40109,0.39473,0.3862,0.37253,0.36563,0.3651,0.36553,0.36307,0.36416,0.36587,0.36641,0.36711,0.36165,0.35417,0.35025,0.34822,0.34638,0.34452,0.34274,0.34329,0.34204,0.34051,0.3384,0.34197,0.33898,0.33625,0.33166,0.32964,0.32715,0.32528,0.30224,0.2968,0.29427,0.29222,0.28997,0.2875,0.28506,0.28244,0.28019,0.2785,0.27724,0.27734,0.28701,0.28676,0.28738,0.28892,0.2839,0.28185,0.28243,0.28164,0.28162,0.28126,0.28024,0.27891,0.27831,0.27783,0.27851,0.27821,0.27746,0.27675,0.27692,0.27784,0.27889,0.28241,0.28371,0.30172,0.36765,0.3574,0.33624,0.28928,0.25773,0.30133,0.31019,0.31334,0.31399,0.30985,0.31253,0.3102,0.30841,0.30359,0.30232,0.30002,0.29723,0.29486,0.2927,0.29078,0.29008,0.28962,0.28753,0.28655,0.2856,0.28389,0.28284,0.28232,0.28207,0.28158,0.28169,0.28157,0.28199,0.28252,0.2831,0.28343,0.28413,0.28414,0.28373,0.28359,0.28398,0.28371,0.28351,0.28621,0.2921,0.28217,0.41497,0.54559,0.73311,0.64899,0.64736,0.69733,0.62365,0.55328,0.41624,0.34372,0.45053,0.29239,0.22118,0.23599,0.23152,0.22737,0.22684,0.22698,0.22672,0.22872,0.22953,0.22914,0.22854,0.22857,0.22982,0.22975,0.22862,0.22829,0.22853,0.22879,0.2297,0.22907,0.22799,0.22728,0.22641,0.22427,0.22227,0.2206,0.2202,0.21965,0.21918,0.21962,0.22014,0.22051,0.22134,0.22154,0.223,0.22367,0.22431,0.22606,0.22666,0.22628,0.2257,0.22742,0.22758,0.2243,0.22596,0.23214,0.2272,0.2226,0.22641,0.22092,0.2155,0.22459,0.21703,0.25303,0.25003,0.62915,1.06398,0.00981,1.13664,0.04377
-0.03773,0.05471,0.05483,0.0554,0.05638,0.05749,0.05817,0.05891,0.06042,0.06213,0.06324,0.0637,0.06383,0.06401,0.06439,0.06557,0.06758,0.0695,0.07117,0.0723,0.07281,0.07315,0.07357,0.07338,0.07228,0.0701,0.06753,0.06645,0.06568,0.06519,0.06455,0.063,0.06095,0.06016,0.06048,0.06054,0.05815,0.05229,0.04373,0.03449,0.03163,0.03135,0.03128,0.03198,0.03308,0.03458,0.03553,0.03434,0.03011,0.02423,0.02223,0.02115,0.02017,0.01885,0.01734,0.01596,0.01452,0.01291,0.01065,0.00789,0.00652,0.00472,0.00484,0.00516,0.00564,0.00559,0.0062,0.00648,0.00684,0.00725,0.00772,0.00807,0.0083,0.00816,0.00774,0.00709,0.00648,0.00601,0.00511,0.0043,0.00405,0.00375,0.0037,0.0037,0.00371,0.00364,0.00367,0.00368,0.0037,0.00374,0.00371,0.00372,0.0037,0.00366,0.0036,0.00347,0.00339,0.00313,0.00303,0.0029,0.00302,0.02886,0.09446,0.14275,0.15929,0.16215,0.108,0.0264,0.00695,0.00696,0.00375,0.00218,0.00214,0.00227,0.00206,0.00199,0.00199,0.00201,0.00203,0.0021,0.00212,0.00216,0.00217,0.00222,0.00222,0.00226,0.00231,0.00224,0.00225,0.0023,0.00228,0.00228,0.0022,0.00222,0.00221,0.00221,0.00219,0.00214,0.0021,0.00205,0.00206,0.00202,0.00193,0.00188,0.00206,0.00311,0.01206,0.05234,0.1423,0.57363,0.77569,0.33592,0.55588,0.25922,0.46808,0.77246,0.39723,0,0,0.3831,0.0455,0.01285,0.0041,0.00196,0.00151,0.0017,0.00294,0.00253,0.00139,0.00113,0.00121,0.00146,0.00146,0.00146,0.00128,0.00136,0.00141,0.00134,0.00154,0.00133,0.00142,0.00145,0.00119,0.00148,0.00153,0.00153,0.00131,0.00113,0.00137,0.00132,0.00127,0.00146,0.00142,0.00123,0.00134,0.00103,0.00136,0.00114,0.00125,0.00148,0.00215,0.00206,0.00162,0.00245,0.00283,0.00286,0.00332,0.00577,0.0037,0.00525,0.00824,0.01014,0.01573,0.05833,0.23305,0.55409,1.16104,0.00928,2.0093,0.02913
-0.61184,0.03825,0.03806,0.03809,0.03861,0.03923,0.03972,0.04056,0.04211,0.04392,0.04521,0.04591,0.04625,0.04649,0.0468,0.04823,0.05111,0.05376,0.05582,0.05725,0.05792,0.05829,0.05885,0.05863,0.05738,0.05485,0.05176,0.0505,0.04952,0.04875,0.04776,0.04588,0.04353,0.04238,0.04215,0.04155,0.03857,0.03306,0.02609,0.01949,0.01746,0.01718,0.01708,0.01737,0.01798,0.01881,0.01928,0.01845,0.01587,0.01254,0.01146,0.01082,0.01031,0.00968,0.00899,0.00824,0.00759,0.0067,0.00564,0.00416,0.00264,0.00193,0.00307,0.00286,0.00282,0.00326,0.00367,0.0038,0.00398,0.00407,0.00425,0.00438,0.00446,0.00437,0.00418,0.00388,0.00357,0.00332,0.0034,0.0029,0.00251,0.00245,0.00243,0.00246,0.00243,0.00242,0.0024,0.00239,0.00239,0.00241,0.00239,0.00234,0.00232,0.00234,0.00228,0.00224,0.00216,0.00206,0.00197,0.00199,0.0021,0.017,0.05951,0.09934,0.11907,0.10142,0.06243,0.02474,0.00539,0.00459,0.00278,0.00178,0.00174,0.00163,0.00144,0.00144,0.00147,0.00148,0.00151,0.00155,0.00154,0.00154,0.00157,0.00159,0.0016,0.00161,0.00161,0.00163,0.00159,0.0016,0.0016,0.00158,0.00159,0.00159,0.00156,0.00153,0.00152,0.00151,0.00148,0.00141,0.00142,0.00139,0.00138,0.00132,0.00152,0.00229,0.00797,0.03154,0.07821,0.45298,0.58031,0.51302,0.64838,0.49508,0.81598,0.62837,0.44577,0.66679,0.83111,0.25386,0.03307,0.01107,0.00339,0.00175,0.00119,0.00134,0.00181,0.00159,0.00108,0.00123,0.00122,0.00121,0.00127,0.00143,0.00113,0.0013,0.00124,0.00118,0.00116,0.00123,0.00114,0.00117,0.00121,0.00126,0.00118,0.00112,0.00111,0.00134,0.00107,0.0011,0.00104,0.00114,0.00132,0.00118,0.00135,0.00132,0.00095,0.00118,0.00142,0.00121,0.00145,0.0022,0.00151,0.00245,0.00296,0.00229,0.00337,0.00665,0.00614,0.00474,0.00738,0.00984,0.01344,0.03853,0.08416,0,1.2705,0.0115,2.66985,0.02496
-0.62545,0.06886,0.068,0.06739,0.06729,0.06722,0.06672,0.06635,0.06647,0.06669,0.06645,0.06584,0.06515,0.06447,0.06382,0.06365,0.06404,0.06411,0.06388,0.06347,0.06289,0.06182,0.06117,0.06015,0.05862,0.05656,0.05418,0.05273,0.05151,0.05042,0.04936,0.04792,0.04629,0.04539,0.0448,0.04383,0.04187,0.03859,0.0339,0.02833,0.02619,0.02577,0.02559,0.02564,0.02609,0.02675,0.02708,0.02639,0.02383,0.02012,0.01871,0.01784,0.01708,0.01619,0.01511,0.01424,0.01328,0.01216,0.011,0.01007,0.00891,0.00842,0.00756,0.00765,0.00752,0.00762,0.00698,0.00688,0.007,0.00718,0.00729,0.00743,0.00746,0.00733,0.00703,0.00682,0.00653,0.0062,0.00612,0.00571,0.0053,0.00504,0.00499,0.00489,0.00487,0.00478,0.00472,0.00469,0.00463,0.00462,0.00457,0.00454,0.00451,0.00446,0.00443,0.00435,0.00431,0.00425,0.00417,0.00425,0.00453,0.02158,0.06751,0.10257,0.13183,0.11998,0.06991,0.02886,0.0104,0.00655,0.00482,0.00404,0.00417,0.0041,0.00385,0.00378,0.00372,0.00363,0.00365,0.00362,0.00362,0.00361,0.00361,0.00362,0.00359,0.00362,0.0036,0.00358,0.00357,0.0036,0.00354,0.0035,0.0035,0.0035,0.00346,0.00343,0.00343,0.00345,0.00332,0.00337,0.00331,0.00326,0.00325,0.00314,0.00321,0.00381,0.00939,0.05058,0.11548,0.60221,0,0.6583,0.70239,0.90808,0.87233,0.53118,0.30873,0.66018,0.82459,0.27866,0.0431,0.01169,0.005,0.00302,0.00291,0.00253,0.00337,0.00304,0.00278,0.00261,0.00289,0.00261,0.00285,0.00278,0.00287,0.00271,0.00272,0.00255,0.00294,0.00267,0.00271,0.00253,0.00264,0.00283,0.00265,0.00267,0.00252,0.0026,0.00265,0.00267,0.00258,0.00268,0.0023,0.00217,0.00255,0.00259,0.00213,0.00242,0.00278,0.00232,0.00242,0.00251,0.00298,0.00291,0.00268,0.00255,0.00478,0.00727,0.00665,0.00655,0.00765,0.00796,0.0126,0.03559,0.12401,0.81469,1.29005,0.01071,1.85948,0.01903
0.72123,0.03058,0.02967,0.02859,0.02762,0.02659,0.02568,0.02468,0.02398,0.02337,0.02322,0.02354,0.02374,0.02403,0.02404,0.02436,0.02596,0.02862,0.03134,0.03342,0.03529,0.03712,0.0379,0.03729,0.03585,0.03437,0.03182,0.02889,0.02718,0.02674,0.02642,0.02334,0.01892,0.01869,0.02247,0.02985,0.03642,0.03468,0.02756,0.01944,0.01699,0.01668,0.01664,0.01667,0.01743,0.01853,0.01923,0.01827,0.0151,0.01132,0.01023,0.00965,0.00911,0.00846,0.00769,0.00689,0.00612,0.00521,0.00409,0.00114,0.00105,0.00099,0.0016,0.00201,0.00229,0.0021,0.00347,0.00369,0.00384,0.00401,0.00409,0.00418,0.00419,0.00413,0.00399,0.00378,0.00354,0.00333,0.00317,0.00291,0.00278,0.00279,0.00276,0.00278,0.0028,0.00277,0.00279,0.0028,0.00282,0.00284,0.00281,0.0028,0.00277,0.00278,0.00275,0.00273,0.00265,0.00258,0.00254,0.00254,0.00297,0.02093,0.06017,0.10831,0.08622,0.10715,0.07649,0.02313,0.00842,0.00534,0.00296,0.00212,0.00233,0.00228,0.00225,0.00224,0.00231,0.00231,0.00237,0.0024,0.00241,0.0024,0.00241,0.00244,0.00243,0.00245,0.00243,0.00246,0.00244,0.0025,0.00244,0.00244,0.00246,0.00243,0.00237,0.00241,0.00239,0.00239,0.00231,0.00232,0.00235,0.00233,0.00223,0.00216,0.00234,0.00317,0.00705,0.04637,0.06475,0.56634,0.29635,0.55839,0.69849,0.50478,0.44981,0.72876,0.38182,0.61864,0.49854,0.40629,0.04208,0.01475,0.00403,0.00269,0.00245,0.00263,0.00311,0.00327,0.00254,0.00225,0.00219,0.00223,0.0026,0.00226,0.00229,0.0023,0.00237,0.00231,0.00206,0.00227,0.00221,0.00227,0.00226,0.00218,0.00196,0.00228,0.00198,0.00213,0.00227,0.0023,0.00207,0.002,0.00235,0.00222,0.0021,0.00202,0.00201,0.00196,0.00213,0.00197,0.00207,0.00197,0.00222,0.00237,0.00322,0.00275,0.00264,0.00522,0.0054,0.00463,0.00768,0.0107,0.0122,0.02626,0.38354,0.52717,1.59012,0.01251,1.39963,0.00579
0.07275,0.05091,0.05185,0.05343,0.0559,0.05882,0.06089,0.0632,0.06635,0.06999,0.07316,0.07541,0.07673,0.0781,0.07996,0.08294,0.08711,0.09143,0.09546,0.09873,0.10105,0.10247,0.10354,0.10396,0.10274,0.09941,0.09485,0.09289,0.09187,0.09166,0.09124,0.08884,0.08448,0.08192,0.08266,0.08511,0.08189,0.07199,0.05774,0.04294,0.03827,0.03789,0.03795,0.03884,0.04054,0.0428,0.04422,0.04253,0.03614,0.02766,0.02487,0.02339,0.02205,0.02037,0.0185,0.01672,0.01487,0.01278,0.01026,0.00639,0.00423,0.00324,0.00365,0.00373,0.00374,0.00382,0.00511,0.00549,0.00591,0.00641,0.00696,0.00743,0.00766,0.00748,0.00703,0.00645,0.00597,0.00563,0.00507,0.0042,0.00364,0.0033,0.00335,0.00335,0.00328,0.00329,0.00326,0.00325,0.00324,0.00325,0.00323,0.00326,0.00323,0.0032,0.00318,0.00311,0.00305,0.00303,0.00298,0.00308,0.00364,0.02629,0.06102,0.08473,0.09234,0.09293,0.06508,0.02745,0.00831,0.00576,0.00335,0.00252,0.00266,0.00274,0.0025,0.00251,0.0025,0.00255,0.00258,0.00255,0.00259,0.00261,0.00263,0.00262,0.00261,0.00263,0.00263,0.00262,0.00262,0.00265,0.00262,0.00259,0.00262,0.00258,0.0026,0.00259,0.00257,0.00252,0.0025,0.00251,0.0025,0.00245,0.00255,0.00244,0.00259,0.00325,0.00816,0.03333,0.06519,0.39307,0.29411,0.64505,0.53952,0.4387,0.56047,0.53341,0.35362,0.5231,0.47177,0.143,0.03145,0.01235,0.00494,0.00241,0.00201,0.00235,0.0028,0.00235,0.002,0.00194,0.002,0.00207,0.00179,0.0021,0.00184,0.00174,0.00161,0.00173,0.0018,0.00189,0.00186,0.00188,0.00172,0.00185,0.0017,0.00193,0.00151,0.00147,0.00146,0.00188,0.00177,0.00185,0.00163,0.0016,0.00193,0.00195,0.00174,0.00153,0.00201,0.00161,0.00184,0.0017,0.00245,0.00294,0.0027,0.00321,0.00392,0.00476,0.00447,0.00504,0.00866,0.01418,0.01113,0.0231,0.13535,0.27601,1.15342,0.01391,2.34463,0.04477
-2.05332,0.02368,0.02438,0.02555,0.02676,0.02787,0.02839,0.02924,0.0307,0.03262,0.03434,0.03586,0.03713,0.03813,0.03894,0.04018,0.04206,0.04357,0.04462,0.04535,0.04616,0.04664,0.0464,0.04649,0.04626,0.04542,0.04412,0.04372,0.04355,0.04358,0.04373,0.0435,0.04303,0.04317,0.04354,0.04335,0.04186,0.03825,0.03263,0.0264,0.0245,0.0245,0.02461,0.02505,0.02593,0.02708,0.0278,0.0271,0.02408,0.01991,0.01851,0.01774,0.01704,0.01624,0.0152,0.01433,0.01338,0.01231,0.01086,0.00943,0.00858,0.00783,0.00726,0.00733,0.00726,0.00706,0.0079,0.00814,0.00839,0.00875,0.00909,0.00938,0.00961,0.00953,0.00927,0.00889,0.00857,0.00837,0.00789,0.00721,0.00685,0.00678,0.00675,0.00679,0.00678,0.00682,0.00683,0.00684,0.00687,0.00691,0.00694,0.00698,0.007,0.007,0.00703,0.007,0.00698,0.0069,0.00682,0.00668,0.00716,0.01852,0.04977,0.0975,0.09746,0.09128,0.07633,0.02139,0.00958,0.00752,0.00705,0.0061,0.00638,0.00626,0.00629,0.00636,0.00641,0.00648,0.0065,0.00658,0.0066,0.00665,0.00669,0.0067,0.00675,0.0068,0.0068,0.00681,0.0068,0.00675,0.00677,0.00673,0.00667,0.00664,0.00662,0.00654,0.00652,0.00641,0.00638,0.00631,0.00616,0.00609,0.00598,0.00586,0.00594,0.0053,0.00901,0.03426,0.06472,0.39046,0.39634,0.52792,0.7362,0.64751,0.48692,0.69309,0.79083,0.48619,0.48578,0.22855,0.03433,0.01613,0.00527,0.00452,0.00421,0.00417,0.00426,0.00457,0.00464,0.00419,0.00416,0.004,0.00407,0.00411,0.00401,0.00438,0.00403,0.00397,0.00415,0.00412,0.00411,0.00413,0.00406,0.00384,0.00403,0.00406,0.00379,0.00391,0.00366,0.00381,0.0035,0.00389,0.00338,0.00331,0.00364,0.00396,0.0034,0.00391,0.00308,0.00321,0.00337,0.00389,0.00341,0.00288,0.00351,0.00244,0.00441,0.00659,0.00343,0.00539,0.00731,0.00847,0.00715,0.02744,0.0811,0.19975,1.07225,0.00276,1.77559,0.01904
0.39496,0.08966,0.08968,0.09117,0.09412,0.09751,0.10018,0.10341,0.10796,0.11351,0.11777,0.1198,0.12046,0.1215,0.12381,0.12784,0.13299,0.13836,0.14344,0.14771,0.151,0.15297,0.15459,0.15467,0.15233,0.14669,0.14024,0.13757,0.13563,0.13417,0.13225,0.12848,0.12383,0.12157,0.12048,0.1181,0.11086,0.09664,0.07764,0.05973,0.05456,0.05408,0.0537,0.05517,0.05711,0.05967,0.06128,0.05859,0.0508,0.04063,0.03758,0.03575,0.03416,0.03214,0.02967,0.02701,0.02464,0.02177,0.01873,0.01489,0.01182,0.01145,0.01105,0.01136,0.01185,0.01233,0.0118,0.0119,0.0124,0.01298,0.01356,0.01404,0.01425,0.01405,0.01334,0.01222,0.01095,0.00939,0.00776,0.00713,0.00658,0.00686,0.00725,0.0074,0.00739,0.00737,0.00738,0.00744,0.00749,0.0076,0.00759,0.00746,0.00732,0.00729,0.00716,0.00693,0.00655,0.00623,0.00573,0.00515,0.00443,0.02054,0.07743,0.09272,0.09948,0.10444,0.10062,0.02694,0.0095,0.00588,0.00411,0.00356,0.00348,0.00363,0.00383,0.00411,0.00425,0.00434,0.00449,0.00459,0.00465,0.00463,0.00464,0.00467,0.00467,0.00465,0.00466,0.00466,0.00467,0.0046,0.00463,0.00458,0.00457,0.00455,0.00452,0.00451,0.0044,0.00438,0.00431,0.00427,0.00416,0.00407,0.00388,0.00365,0.00339,0.00371,0.01002,0.05241,0.09626,0.19199,0.40463,0.30799,0.54964,0.47421,0.19722,0.5477,0.36174,0.54704,0.51273,0.36643,0.04682,0.01988,0.00494,0.00351,0.00269,0.00304,0.00349,0.00393,0.00347,0.00313,0.00333,0.00339,0.00357,0.00348,0.00328,0.00336,0.00347,0.00352,0.00353,0.00353,0.00354,0.00355,0.00356,0.00348,0.00311,0.00327,0.00345,0.00367,0.00328,0.00343,0.00344,0.0032,0.00298,0.00288,0.00325,0.00308,0.00253,0.00263,0.00271,0.00257,0.00282,0.00339,0.0023,0.00241,0.00253,0.00332,0.00318,0.00451,0.00334,0.00375,0.00881,0.01245,0.01015,0.04958,0.44093,0.66325,1.19067,0.02386,2.37582,0.06641
-0.71713,0.10072,0.09996,0.09918,0.09839,0.09733,0.09665,0.09643,0.09679,0.09717,0.09732,0.09718,0.09701,0.09705,0.09722,0.09804,0.0999,0.10207,0.10432,0.10602,0.1058,0.10567,0.10696,0.10664,0.10375,0.09848,0.09236,0.08966,0.08767,0.08624,0.08449,0.08105,0.07636,0.07393,0.07357,0.0732,0.06879,0.05999,0.05003,0.04236,0.04016,0.03951,0.03888,0.03883,0.03893,0.03936,0.03951,0.03812,0.03532,0.03217,0.03111,0.03039,0.02976,0.02899,0.02816,0.02708,0.02605,0.02526,0.02466,0.02443,0.0233,0.02275,0.02245,0.02211,0.02229,0.02292,0.02516,0.02545,0.02528,0.02514,0.02509,0.0249,0.02479,0.02454,0.02426,0.02388,0.02332,0.02283,0.02193,0.02095,0.02062,0.02035,0.02091,0.02102,0.02074,0.02066,0.02052,0.02053,0.02055,0.02058,0.02054,0.02039,0.02022,0.02014,0.02002,0.01984,0.01974,0.01968,0.0193,0.01869,0.0177,0.03833,0.14701,0.17329,0.16686,0.16693,0.10281,0.05866,0.02208,0.01916,0.01499,0.01249,0.01148,0.01198,0.01204,0.01179,0.01158,0.01148,0.01131,0.01128,0.01121,0.01112,0.01101,0.01103,0.01095,0.01089,0.01084,0.01076,0.01066,0.01056,0.01052,0.01043,0.01037,0.01035,0.01023,0.01013,0.01002,0.01001,0.00999,0.01008,0.00999,0.00982,0.00978,0.00957,0.00957,0.01021,0.02065,0.06948,0.12678,0.91784,0.51816,0.68279,0.52016,0.44253,0,0.64438,0.34793,0.57177,0.83197,0,0.11629,0.04278,0.01054,0.00703,0.00734,0.00829,0.01031,0.00799,0.00698,0.00693,0.00753,0.00731,0.00695,0.00724,0.00717,0.00719,0.00715,0.00743,0.00755,0.00738,0.00745,0.00737,0.0073,0.00707,0.00729,0.00779,0.00692,0.00669,0.00688,0.007,0.00704,0.00702,0.00672,0.00646,0.00602,0.00662,0.0061,0.0059,0.0052,0.00578,0.0065,0.00528,0.0055,0.00608,0.00656,0.00615,0.00777,0.00823,0.00896,0.00871,0.0146,0.0141,0.0187,0.07649,0.27549,0.16211,1.30381,0.0227,2.05148,0.03407
-0.43521,0.07121,0.07085,0.07026,0.06947,0.06863,0.06745,0.06642,0.06568,0.06492,0.06423,0.06394,0.06347,0.06307,0.06271,0.06283,0.06427,0.06675,0.06966,0.07214,0.07379,0.07473,0.0745,0.0734,0.07192,0.06986,0.06693,0.06409,0.06247,0.06218,0.0623,0.05998,0.05354,0.05029,0.0546,0.0693,0.08268,0.08751,0.08399,0.07216,0.06808,0.06889,0.07048,0.07217,0.07538,0.07923,0.08195,0.08098,0.07305,0.06007,0.05563,0.05337,0.05128,0.04832,0.04454,0.04095,0.03707,0.03176,0.02519,0.02002,0.01653,0.01459,0.01382,0.01316,0.01296,0.01258,0.01025,0.00984,0.01025,0.01107,0.01244,0.01386,0.01475,0.01451,0.01327,0.01166,0.01028,0.00956,0.00939,0.00886,0.00869,0.00791,0.0076,0.00734,0.00731,0.00719,0.00704,0.00697,0.00693,0.00683,0.00675,0.00668,0.00663,0.00662,0.00651,0.00643,0.00636,0.00641,0.0063,0.00647,0.00749,0.0411,0.0952,0.17457,0.2193,0.26188,0.29357,0.09328,0.03804,0.02218,0.0102,0.00614,0.00534,0.00508,0.0047,0.00419,0.00396,0.00383,0.00374,0.00371,0.00364,0.00359,0.00355,0.00357,0.0036,0.0035,0.00349,0.0034,0.00345,0.00342,0.00347,0.00335,0.00334,0.00334,0.00337,0.00334,0.00328,0.00325,0.0033,0.00321,0.00317,0.00328,0.00306,0.00321,0.00378,0.00594,0.02662,0.11895,0.14947,0.47994,0.80775,0,0.51031,0.30865,0.76253,0.706,0.87497,0.6692,0.35752,0.68753,0.1345,0.05536,0.01193,0.00497,0.0041,0.00453,0.00617,0.0057,0.004,0.00399,0.00358,0.0044,0.00433,0.00371,0.00386,0.00357,0.00368,0.0038,0.00361,0.00375,0.00342,0.00365,0.00341,0.0037,0.00337,0.00332,0.00352,0.00326,0.00342,0.00311,0.00318,0.00346,0.00308,0.00356,0.0036,0.00362,0.00266,0.00325,0.00299,0.00315,0.00394,0.00472,0.00433,0.00402,0.00643,0.00651,0.00903,0.01892,0.01037,0.01184,0.01471,0.02589,0.02844,0.156,0.70703,0.90379,1.24602,0.01194,0.87068,-0.01428
0.96812,0.02162,0.02354,0.02641,0.03022,0.03461,0.03866,0.04367,0.04995,0.05743,0.06456,0.07068,0.07656,0.08329,0.09061,0.09971,0.11012,0.11984,0.12951,0.139,0.14918,0.15896,0.16751,0.17686,0.18176,0.18261,0.17823,0.18041,0.18397,0.18684,0.19018,0.19092,0.1895,0.19305,0.19903,0.19537,0.17675,0.14952,0.11594,0.08208,0.07069,0.06878,0.06984,0.06876,0.07191,0.07681,0.08082,0.0811,0.0711,0.05591,0.05027,0.04691,0.04394,0.04095,0.03767,0.03534,0.03335,0.0305,0.02629,0.02274,0.01954,0.01654,0.01618,0.01516,0.01542,0.0152,0.01378,0.01388,0.01534,0.01597,0.01704,0.01855,0.01895,0.01906,0.01829,0.01677,0.01667,0.01506,0.01422,0.01241,0.01083,0.01077,0.00992,0.0103,0.0101,0.00977,0.01001,0.00998,0.00979,0.00969,0.00941,0.00943,0.00971,0.00971,0.00942,0.00936,0.00957,0.00903,0.00893,0.00911,0.01023,0.01904,0.07625,0.06998,0.03948,0.04189,0.032,0.01541,0.00938,0.01105,0.00942,0.01024,0.00963,0.00869,0.0095,0.00978,0.00926,0.00905,0.00874,0.0088,0.00894,0.00871,0.00842,0.00858,0.00806,0.00805,0.00781,0.00815,0.0083,0.00784,0.00784,0.00712,0.0076,0.00714,0.00727,0.00715,0.00724,0.00746,0.0074,0.00748,0.00824,0.00808,0.00809,0.00887,0.00657,0.00668,0.01184,0.01777,0.05893,0.16278,0.13597,0.38139,0.3633,0.01466,0.20249,0.16909,0.36167,0.12039,0.48824,0.14682,0.07543,0.04969,0.03243,0.01654,0.01267,0.01065,0.05044,0.03169,0.0159,0.01359,0.01115,0.01555,0.01163,0.01207,0.00972,0.00927,0.00736,0.00999,0.01068,0.01065,0.01076,0.00597,0.0112,0.01163,0.0096,0.00832,0.00959,0.00503,0.0103,0.012,0.01143,0.01045,0.00754,0.01421,0.00888,0.01324,0.00807,0.01702,0.02117,0.01187,0.01554,0.02354,0.01587,0.04109,0.02954,0.00821,0.0435,0.0524,0.03118,0.09085,0.21903,0.28873,0.3667,0.10551,0.28787,0.51077,0.83261,-0.00916,2.77596,0.13025
1.07206,0.02241,0.0245,0.02724,0.031,0.03478,0.03803,0.04189,0.04651,0.0517,0.05593,0.05882,0.06118,0.06376,0.06684,0.07104,0.07617,0.08106,0.08591,0.09031,0.09417,0.0973,0.10125,0.10401,0.10509,0.10385,0.10094,0.09995,0.09951,0.09957,0.09954,0.09828,0.0957,0.09472,0.09502,0.09512,0.09176,0.08365,0.07114,0.05625,0.0511,0.05009,0.04974,0.05015,0.05193,0.05475,0.05715,0.05676,0.05101,0.04172,0.03814,0.03578,0.03375,0.03167,0.02924,0.02737,0.02566,0.02351,0.0206,0.01801,0.01496,0.01379,0.01318,0.01282,0.01317,0.01288,0.01264,0.01311,0.01373,0.01422,0.0151,0.01583,0.01639,0.01658,0.01599,0.01538,0.01468,0.01433,0.0134,0.01248,0.01149,0.01088,0.01097,0.01085,0.01076,0.01075,0.01079,0.01077,0.0108,0.01095,0.01114,0.01107,0.01109,0.01114,0.01092,0.01101,0.01068,0.01082,0.01024,0.01009,0.00978,0.01162,0.04454,0.02803,0.0392,0.01612,0.00856,0.00682,0.00623,0.00686,0.00592,0.00597,0.00608,0.00632,0.00616,0.00648,0.00668,0.00687,0.00709,0.00732,0.00746,0.00767,0.00801,0.00805,0.00816,0.00827,0.00843,0.00852,0.00871,0.00883,0.00898,0.00889,0.0089,0.0091,0.00888,0.00862,0.00868,0.00873,0.00871,0.00854,0.00852,0.00833,0.00822,0.0081,0.00847,0.00856,0.00789,0.01375,0.02637,0.16479,0,0,0.40294,0.34741,0.14856,0.56807,0.37562,0.1523,0.02791,0.01681,0.01325,0.0129,0.00577,0.00594,0.00616,0.00557,0.00383,0.00797,0.00689,0.00551,0.00667,0.0058,0.00641,0.00597,0.00582,0.00626,0.00637,0.00603,0.00667,0.00658,0.00764,0.00629,0.00708,0.00725,0.00755,0.00622,0.00667,0.00624,0.00931,0.00726,0.00505,0.00612,0.00671,0.00832,0.00625,0.00829,0.00703,0.0049,0.00511,0.00543,0.00737,0.00798,0.00867,0.00819,0.00839,0.01143,0.00801,0.00405,0.01245,0.00762,0.01173,0.02096,0.0046,0.01662,0.08834,0.29199,0.99003,0.00681,1.96194,0.04493
1.63339,0.03855,0.03917,0.04075,0.04331,0.04583,0.04813,0.05116,0.05516,0.05984,0.06367,0.06622,0.0682,0.07063,0.07385,0.07816,0.08326,0.08827,0.09331,0.09801,0.10239,0.10654,0.11026,0.11329,0.11449,0.11329,0.11044,0.10955,0.10922,0.10929,0.10913,0.10771,0.10524,0.10444,0.1043,0.10302,0.0984,0.08901,0.075,0.05889,0.05328,0.05207,0.05147,0.05185,0.0536,0.05645,0.0588,0.05824,0.05206,0.04224,0.03845,0.03596,0.03371,0.03127,0.02891,0.02678,0.02503,0.02262,0.01955,0.0171,0.01423,0.01204,0.01099,0.01057,0.01149,0.01219,0.00892,0.00884,0.0096,0.01024,0.01112,0.01191,0.01241,0.01233,0.01189,0.0109,0.01003,0.00956,0.00814,0.00686,0.00601,0.00577,0.0056,0.00567,0.00559,0.00543,0.00544,0.00549,0.00557,0.00549,0.00556,0.00558,0.00539,0.00549,0.0053,0.00528,0.00521,0.00506,0.00491,0.00469,0.00499,0.0139,0.07409,0.06303,0.0324,0.01572,0.00638,0.00493,0.00433,0.00312,0.00302,0.00311,0.0033,0.003,0.00301,0.00319,0.00323,0.00339,0.00328,0.00344,0.0032,0.00336,0.00349,0.0037,0.00368,0.00357,0.0038,0.00377,0.00371,0.00351,0.00354,0.0038,0.00369,0.00351,0.0038,0.00338,0.00343,0.00354,0.00353,0.00344,0.00337,0.00321,0.00327,0.00333,0.00354,0.00369,0.00449,0.00687,0.03084,0.13552,0,0.49769,0.71963,0.45044,0.06937,0.29544,0.77265,0.05464,0.02211,0.00596,0.01048,0.00578,0.00329,0.00141,0.00089,0.00069,0.00288,0.00299,0.00208,0.00216,0.00166,0.00315,0.00307,0.0029,0.00277,0.00214,0.00301,0.00262,0.00282,0.00279,0.00252,0.00227,0.00199,0.00241,0.00248,0.0042,0.00363,0.00403,0.0017,0.00237,0.00241,0.00238,0.00237,0.00422,0.00381,0.00288,0.00177,0.00275,0.00361,0.00428,0.00546,0.00365,0.00365,0.00497,0.00621,0.00568,0.01367,0.01042,0.01223,0.01012,0.00913,0.00822,0.0099,0.01522,0.05377,0.20653,0.98917,0.00679,2.0685,0.05223
0.16575,0.01779,0.01857,0.01952,0.02042,0.02151,0.0221,0.02249,0.02321,0.02388,0.02436,0.0247,0.025,0.02535,0.02576,0.02642,0.02735,0.0283,0.0292,0.02996,0.03052,0.03075,0.03095,0.03094,0.03082,0.03041,0.02984,0.02948,0.02925,0.02914,0.02888,0.02844,0.02781,0.0276,0.02795,0.0288,0.02985,0.03044,0.03042,0.02964,0.02994,0.03059,0.03088,0.03157,0.03242,0.03352,0.03456,0.03482,0.03373,0.03127,0.03033,0.02972,0.02914,0.0282,0.02727,0.02632,0.0253,0.0238,0.02176,0.01834,0.01609,0.01475,0.01388,0.01411,0.01427,0.01385,0.01518,0.01578,0.01656,0.01731,0.0182,0.019,0.01944,0.0195,0.01909,0.01855,0.01765,0.01708,0.01606,0.01464,0.01375,0.01323,0.0129,0.01298,0.0128,0.01302,0.01289,0.01289,0.0133,0.01321,0.01342,0.01355,0.01365,0.01358,0.01338,0.01333,0.01304,0.0124,0.01213,0.01205,0.01173,0.01651,0.04996,0.02466,0.02201,0.01324,0.00807,0.00687,0.00608,0.00578,0.00567,0.00553,0.00531,0.00604,0.00609,0.00619,0.00657,0.00686,0.00718,0.00743,0.00779,0.00786,0.00824,0.00839,0.00858,0.00894,0.00899,0.00935,0.00957,0.00977,0.00974,0.00976,0.00993,0.00996,0.00975,0.00991,0.0096,0.00935,0.00935,0.00944,0.00934,0.00924,0.00902,0.00881,0.00892,0.00931,0.0097,0.01169,0.03168,0.36293,0.68831,0.41268,0.45104,0.60157,0.07553,0.2477,0.15845,0.06696,0.01008,0.00399,0.00696,0.00272,0.00246,0.00341,0.00338,0.00291,0.00694,0.00298,0.00309,0.00393,0.0043,0.00457,0.00361,0.00436,0.00358,0.00585,0.00515,0.00451,0.00501,0.0059,0.00484,0.00477,0.00554,0.00503,0.0049,0.0051,0.00428,0.00533,0.00497,0.00631,0.00584,0.00359,0.00583,0.0036,0.00588,0.00458,0.00297,0.00308,0.00259,0.00684,0.00415,0.00584,0.00504,0.00393,0.00443,0.00381,0.0043,0.00697,0.01021,0.00218,0.01224,0.0038,0.00381,0.01287,0.04041,0.3905,1.08152,0.00238,0.92967,-0.00264
0.97336,0.02751,0.02878,0.031,0.03404,0.03719,0.03979,0.04315,0.04738,0.05213,0.05609,0.05883,0.06107,0.06348,0.06649,0.07073,0.0761,0.08125,0.08619,0.09074,0.09498,0.09885,0.10239,0.10523,0.10621,0.10462,0.10131,0.10046,0.10006,0.10004,0.09983,0.09829,0.09582,0.09513,0.09489,0.09319,0.08792,0.07777,0.06344,0.04819,0.04312,0.04203,0.04128,0.04188,0.0434,0.04583,0.04789,0.04717,0.04164,0.03324,0.03013,0.02799,0.02625,0.02424,0.0222,0.02039,0.01871,0.01664,0.0141,0.01116,0.00883,0.00734,0.00704,0.00655,0.00695,0.00755,0.00633,0.00652,0.00704,0.00763,0.00842,0.00896,0.0093,0.00933,0.00898,0.00816,0.0074,0.00719,0.00617,0.00508,0.00453,0.00425,0.00427,0.00429,0.00438,0.00423,0.00425,0.00434,0.00436,0.00429,0.00437,0.00444,0.00435,0.00425,0.00425,0.00433,0.00423,0.0038,0.00378,0.00365,0.00354,0.00983,0.04529,0.02289,0.03495,0.0101,0.00546,0.00319,0.00266,0.00321,0.0026,0.00329,0.00267,0.00298,0.00336,0.00291,0.00314,0.00315,0.00311,0.00329,0.00325,0.00338,0.00339,0.0037,0.00361,0.0037,0.00361,0.00361,0.00384,0.00362,0.00366,0.0038,0.00378,0.00378,0.00377,0.00375,0.00364,0.00386,0.00359,0.00362,0.00328,0.00377,0.00409,0.00407,0.00437,0.00523,0.00484,0.0088,0.01847,0.39197,0.3655,0.21067,0.43452,0.26602,0.17274,0.12987,0.32467,0.08911,0.03523,0.01245,0.00572,0.00815,0.00591,0.00438,0.00364,0.0027,0.00683,0.00193,0.00254,0.00291,0.00345,0.00327,0.00288,0.00369,0.0038,0.00341,0.00279,0.00284,0.00289,0.00266,0.00337,0.00213,0.00271,0.00333,0.00366,0.00268,0.00317,0.00367,0.00419,0.00318,0.00262,0.00421,0.00335,0.00427,0.00396,0.00249,0.00272,0.0036,0.00423,0.00527,0.00546,0.00444,0.0025,0.00712,0.00551,0.00659,0.00652,0.00643,0.00523,0.00374,0.01153,0.01143,0.00437,0.01745,0.03325,0.22268,1.00574,0.00792,2.33877,0.05287
1.46602,0.03008,0.03174,0.03435,0.03793,0.04175,0.04516,0.0492,0.05425,0.06,0.06477,0.06807,0.07083,0.074,0.07799,0.08319,0.08928,0.09524,0.1012,0.10683,0.11218,0.11718,0.12172,0.12554,0.12722,0.12612,0.12295,0.12225,0.12218,0.12251,0.12258,0.12115,0.11843,0.11767,0.1179,0.1168,0.11126,0.09992,0.08309,0.06395,0.05724,0.05582,0.05534,0.05586,0.058,0.06137,0.06427,0.06371,0.05657,0.04525,0.04092,0.03817,0.03579,0.03314,0.03023,0.02795,0.02591,0.02318,0.0196,0.01662,0.01371,0.01165,0.01074,0.01022,0.01033,0.01084,0.0095,0.00984,0.0104,0.01099,0.01191,0.01249,0.01299,0.0128,0.01246,0.01145,0.01084,0.01027,0.00935,0.0083,0.0074,0.00717,0.00711,0.00705,0.00715,0.00703,0.00694,0.00709,0.00702,0.0069,0.007,0.00685,0.00676,0.00679,0.00685,0.00669,0.00653,0.00639,0.00616,0.00673,0.00586,0.00805,0.04129,0.02476,0.03208,0.0082,0.00723,0.00614,0.00457,0.00562,0.00487,0.00499,0.00529,0.00514,0.00529,0.00532,0.0052,0.00564,0.00536,0.00563,0.00551,0.00561,0.00588,0.00571,0.00579,0.00598,0.00612,0.006,0.00603,0.00598,0.00605,0.00612,0.0059,0.00611,0.0061,0.00591,0.00579,0.00566,0.00584,0.00577,0.00585,0.00578,0.00564,0.00531,0.00537,0.00595,0.00624,0.00756,0.02419,0.16076,0.67336,0.44828,0.14275,0.36757,0.48172,0.27113,0.57703,0.2913,0.03719,0.01934,0.01465,0.0026,0.0057,0.00488,0.00497,0.00357,0.00618,0.00687,0.00423,0.00455,0.00383,0.00546,0.00689,0.00468,0.00562,0.00448,0.0055,0.00513,0.00494,0.00536,0.00569,0.00397,0.00557,0.00512,0.00424,0.00531,0.00402,0.00606,0.00551,0.00265,0.00321,0.00271,0.00509,0.00549,0.00662,0.005,0.00509,0.00283,0.0038,0.00264,0.00582,0.01006,0.00892,0.00612,0.00332,0.0075,0.00898,0.00444,0.00171,0.00576,0.01924,0.01035,0.00762,0.0314,0.02432,0.22198,0.96719,0.00606,2.17036,0.06208
-0.27631,0.02664,0.02669,0.02681,0.02756,0.02808,0.0284,0.02915,0.03061,0.03218,0.03351,0.0347,0.03582,0.03689,0.03796,0.03973,0.04273,0.04608,0.04901,0.0511,0.05237,0.05305,0.05358,0.05408,0.05394,0.0525,0.05,0.04869,0.04862,0.04926,0.04876,0.04678,0.0435,0.04221,0.04442,0.04862,0.04926,0.04509,0.03739,0.02869,0.02595,0.02549,0.02543,0.02544,0.02642,0.02795,0.02924,0.02898,0.02572,0.02084,0.01916,0.01815,0.01729,0.01629,0.01521,0.01447,0.01386,0.01301,0.01164,0.01109,0.00979,0.00924,0.00872,0.00839,0.00805,0.00842,0.00668,0.00683,0.00695,0.0073,0.00772,0.008,0.00852,0.00827,0.0081,0.00776,0.00738,0.0069,0.00647,0.00588,0.00582,0.00531,0.00531,0.00529,0.00521,0.00521,0.00519,0.00522,0.00535,0.00538,0.00534,0.00542,0.00535,0.00528,0.00531,0.00518,0.00519,0.00495,0.00477,0.00456,0.00441,0.0062,0.04003,0.02139,0.02509,0.00882,0.00405,0.00369,0.00232,0.00291,0.0027,0.00251,0.00249,0.00285,0.00261,0.00288,0.00313,0.00307,0.0032,0.00311,0.00319,0.00342,0.00348,0.00367,0.00338,0.00348,0.00378,0.00369,0.00377,0.00372,0.00373,0.00391,0.00401,0.00367,0.00382,0.00387,0.00343,0.00382,0.00367,0.00357,0.00334,0.00339,0.00327,0.00292,0.0035,0.00304,0.00354,0.00411,0.01042,0.09443,0.20731,0.66464,0.4568,0.63419,0.10191,0.11195,0.4633,0.09027,0.0253,0.01713,0.00716,0.00547,0.00359,0.00293,0.00285,0.00393,0.00289,0.00507,0.00353,0.00335,0.00318,0.00298,0.00264,0.00263,0.00229,0.00199,0.00308,0.00273,0.00224,0.00293,0.0031,0.00249,0.00219,0.00328,0.00394,0.00296,0.0024,0.00359,0.00297,0.00347,0.00478,0.00457,0.00308,0.00388,0.00505,0.00535,0.00382,0.00199,0.0032,0.00242,0.00369,0.00193,0.00549,0.00476,0.00698,0.00631,0.00492,0.00694,0.00616,0.00527,0.00957,0.01888,0.0103,0.0145,0.03699,0.19898,1.134,0.00716,1.83538,0.01893
1.29888,0.02273,0.02366,0.02557,0.02827,0.03108,0.03326,0.036,0.03947,0.04339,0.04641,0.04824,0.04961,0.0512,0.05336,0.05625,0.05943,0.06237,0.06529,0.06798,0.07042,0.07273,0.07456,0.07623,0.07665,0.07555,0.07339,0.0726,0.07224,0.07212,0.07192,0.07113,0.06991,0.06969,0.06956,0.0685,0.06548,0.05954,0.05048,0.03938,0.03542,0.03472,0.03451,0.03502,0.03652,0.03879,0.04074,0.04053,0.03602,0.02859,0.02564,0.02373,0.02208,0.02025,0.01829,0.01671,0.01515,0.01304,0.01076,0.00885,0.00659,0.00511,0.00483,0.00439,0.00499,0.00497,0.0042,0.00422,0.00469,0.00515,0.00584,0.00653,0.00684,0.00669,0.0064,0.0058,0.00522,0.00506,0.00484,0.00347,0.00282,0.00245,0.00241,0.00243,0.00239,0.0024,0.00239,0.0023,0.00246,0.00238,0.00228,0.0024,0.00251,0.00243,0.00235,0.0022,0.0023,0.00214,0.00216,0.00217,0.00262,0.00939,0.03045,0.09296,0.04711,0.01619,0.00607,0.00254,0.00136,0.00152,0.00118,0.00142,0.00165,0.00171,0.00144,0.00131,0.00153,0.00159,0.00169,0.00152,0.0015,0.00151,0.00155,0.00165,0.00173,0.00159,0.00172,0.00172,0.00182,0.0018,0.00175,0.002,0.00173,0.00176,0.00197,0.00183,0.00181,0.0017,0.00198,0.00171,0.002,0.0016,0.00165,0.00168,0.0022,0.0027,0.00282,0.0041,0.01992,0.49185,0.69578,0.4393,0.56461,0.29715,0.25295,0.32004,0.70868,0.14446,0.02341,0.01585,0.0072,0.00948,0.00499,0.00198,0.00129,0.00114,0.00571,0.00548,0.00157,0.00233,0.00068,0.00204,0.00309,0.00239,0.00181,0.0006,0.00139,0.00149,0.00124,0.00219,0.00168,0.00216,0.00191,0.00124,0.00207,0.0018,0.00207,0.00223,0.00247,0.0014,0.00113,0.0016,0.00215,0.00242,0.00293,0.00298,0.00054,0.00144,0.00533,0.00396,0.00505,0.00227,0.00317,0.00404,0.0053,0.0019,0.00561,0.01018,0.0037,0.00624,0.01623,0.01416,0.02405,0.04854,0.24305,0.28385,1.02251,0.00552,2.04858,0.03484
2.18258,0.03358,0.0345,0.03656,0.03946,0.04278,0.04582,0.04914,0.05348,0.05877,0.06318,0.0658,0.06754,0.06976,0.073,0.07755,0.08273,0.08799,0.09353,0.09889,0.10384,0.10822,0.11334,0.11721,0.11884,0.11794,0.11544,0.11478,0.11471,0.11494,0.11473,0.11313,0.11036,0.10966,0.11079,0.11193,0.10929,0.10081,0.0866,0.06916,0.0632,0.06239,0.06211,0.06364,0.06645,0.07044,0.07398,0.07383,0.06678,0.05487,0.05042,0.04773,0.04534,0.04257,0.03959,0.03707,0.0347,0.03176,0.02765,0.02206,0.01888,0.01748,0.01734,0.01728,0.01771,0.01833,0.01587,0.01602,0.01692,0.01786,0.01905,0.01977,0.02075,0.02053,0.02027,0.01955,0.0188,0.01808,0.0167,0.01587,0.01497,0.01468,0.01478,0.01467,0.01483,0.0147,0.01473,0.01472,0.01489,0.01502,0.01518,0.01512,0.01522,0.01504,0.01518,0.01505,0.01477,0.0146,0.01471,0.0143,0.01412,0.01567,0.04752,0.0577,0.06591,0.02391,0.01214,0.01387,0.00963,0.01114,0.0114,0.01116,0.01129,0.01204,0.01172,0.01183,0.01231,0.01262,0.01258,0.01294,0.01291,0.01319,0.01333,0.01364,0.01389,0.01388,0.01404,0.01403,0.01434,0.01421,0.01433,0.01397,0.01373,0.01368,0.01357,0.01366,0.01358,0.01367,0.01347,0.01303,0.01294,0.01323,0.01269,0.01251,0.01316,0.01254,0.01216,0.01581,0.02965,0.17146,0,0.40489,0.45106,0.73645,0.33897,0.49295,0.34695,0.25382,0.04491,0.0191,0.01639,0.01744,0.01533,0.0123,0.01188,0.01014,0.01422,0.01849,0.01524,0.01315,0.01169,0.01101,0.01388,0.01203,0.01153,0.01179,0.01082,0.01137,0.0117,0.01126,0.012,0.01072,0.01066,0.01112,0.01381,0.01279,0.01187,0.01239,0.01124,0.01182,0.01023,0.00958,0.01151,0.01069,0.01358,0.0091,0.00738,0.00683,0.00706,0.00671,0.0074,0.00561,0.01273,0.01369,0.0082,0.00983,0.01096,0.01034,0.01485,0.02171,0.02299,0.01783,0.02439,0.04428,0.0686,0.16742,0.95658,0.00571,1.81314,0.04839
-0.12701,0.01772,0.01702,0.01645,0.01627,0.02084,0.02967,0.03637,0.04116,0.04644,0.05142,0.05319,0.05303,0.05335,0.05402,0.05646,0.05905,0.06093,0.06362,0.06569,0.06606,0.06683,0.0681,0.07029,0.07049,0.0668,0.06258,0.05988,0.05787,0.05671,0.05612,0.05399,0.05224,0.0513,0.05007,0.04961,0.04627,0.03925,0.03139,0.02604,0.02434,0.02335,0.01998,0.02361,0.02388,0.02423,0.02457,0.02323,0.02154,0.01975,0.01899,0.01792,0.01711,0.01622,0.0152,0.01324,0.01152,0.01028,0.00893,0.00676,0.00666,0.00678,0.00682,0.00682,0.00672,0.00673,0.01867,0.01988,0.01998,0.01988,0.01999,0.01987,0.01977,0.0195,0.01946,0.01951,0.01921,0.01975,0.02059,0.02035,0.02081,0.02029,0.02031,0.02015,0.02003,0.01994,0.01963,0.01967,0.02013,0.02051,0.02059,0.02047,0.0206,0.02055,0.02045,0.02034,0.02088,0.02127,0.0212,0.02127,0.02112,0.03442,0.30627,0.48715,0.22177,0.05769,0.0389,0.02205,0.0219,0.02629,0.02593,0.0235,0.02426,0.02449,0.02342,0.02248,0.02165,0.02087,0.02004,0.01943,0.01893,0.01875,0.01801,0.01746,0.01702,0.01681,0.01646,0.01608,0.01574,0.0153,0.01492,0.0146,0.0142,0.01382,0.01344,0.01259,0.01174,0.01149,0.01123,0.01088,0.01127,0.01111,0.01154,0.01137,0.0116,0.01187,0.01046,0.01462,0.03768,0.01446,0.24608,0.54955,0.55714,0.34316,0,0.52866,0.20821,0.39858,0.19812,0.07355,0.02645,0.01977,0.01959,0.01545,0.01564,0.01485,0.01143,0.0152,0.01581,0.01438,0.01375,0.01486,0.01625,0.01591,0.01509,0.01493,0.01411,0.01313,0.01378,0.01395,0.01322,0.01385,0.01312,0.01384,0.01148,0.01078,0.01258,0.01379,0.01078,0.01014,0.01021,0.00999,0.00693,0.00774,0.00697,0.00633,0.00792,0.01039,0.01366,0.00968,0.01702,0.00884,0.00675,0.00533,0.01004,0.01304,0.00583,0.00563,0.00662,0.00416,0.01261,0.01587,0.00601,0.13122,0.24109,0.31774,1.23782,0.0165,2.3119,0.02672
0.95916,0.03621,0.03656,0.03714,0.0382,0.03933,0.04012,0.04106,0.04245,0.04429,0.04553,0.04592,0.04583,0.0461,0.04666,0.04788,0.04945,0.05094,0.05249,0.05388,0.05512,0.05529,0.0561,0.05629,0.05568,0.05409,0.05189,0.05075,0.05003,0.04942,0.04871,0.04735,0.0455,0.04459,0.04441,0.04431,0.04288,0.03972,0.03525,0.03033,0.02839,0.02771,0.02746,0.02727,0.02745,0.02799,0.02835,0.02829,0.0267,0.02439,0.02349,0.02286,0.02242,0.0218,0.02122,0.02052,0.02005,0.01909,0.01808,0.01681,0.01622,0.01648,0.01589,0.01554,0.01572,0.01491,0.01399,0.01386,0.01385,0.01377,0.01423,0.01448,0.01453,0.01475,0.01416,0.01422,0.01427,0.01415,0.01431,0.01443,0.0137,0.01323,0.01324,0.01252,0.01282,0.01264,0.01257,0.01245,0.01259,0.01262,0.01271,0.01257,0.01251,0.01228,0.0122,0.01215,0.012,0.01218,0.01247,0.01237,0.0134,0.02597,0.18411,0.4553,0.17418,0.08368,0.02058,0.01134,0.01583,0.01348,0.01245,0.01243,0.01258,0.01183,0.01184,0.01162,0.01184,0.01163,0.01142,0.01153,0.0114,0.01144,0.01151,0.01172,0.01158,0.01161,0.01151,0.01162,0.0117,0.01129,0.01151,0.0116,0.0115,0.01152,0.01141,0.01137,0.01117,0.01122,0.01104,0.01099,0.01063,0.01103,0.01076,0.01032,0.01093,0.01272,0.01286,0.02353,0.09382,0.45052,0.31767,0.30793,0.42763,0.34128,0.17182,0.47971,0.45665,0.18752,0.10473,0.09117,0.02927,0.01176,0.0149,0.00833,0.01122,0.01123,0.01124,0.00656,0.00798,0.0094,0.01066,0.01172,0.0121,0.01054,0.0093,0.0085,0.00864,0.01017,0.01084,0.00972,0.01003,0.00971,0.0085,0.01138,0.00681,0.00768,0.0075,0.00862,0.009,0.01003,0.00719,0.00913,0.00605,0.00999,0.01059,0.00848,0.01073,0.00824,0.00828,0.00598,0.00707,0.01015,0.00728,0.00241,0.00381,0.00925,0.01332,0.01139,0.01189,0.00764,0.0076,0.02866,0.055,0.12231,0.13225,0.001,1.16759,0.00832,1.7092,0.0167
-1.67047,0.07309,0.07315,0.07345,0.0743,0.07459,0.07436,0.07426,0.07581,0.07832,0.08048,0.08189,0.08241,0.08254,0.08218,0.0844,0.09057,0.09661,0.10111,0.10434,0.10627,0.10738,0.10924,0.10944,0.10768,0.1043,0.09998,0.09708,0.095,0.09412,0.09342,0.08995,0.0832,0.07971,0.08188,0.08653,0.08554,0.07746,0.06491,0.05156,0.04706,0.04614,0.04544,0.04608,0.04725,0.04906,0.05033,0.0489,0.04346,0.03574,0.03306,0.03136,0.02976,0.02793,0.026,0.02401,0.02214,0.02001,0.01738,0.01246,0.01018,0.00991,0.0106,0.01061,0.01062,0.01046,0.01434,0.01489,0.01507,0.01545,0.01587,0.01617,0.01633,0.0161,0.01566,0.01493,0.01419,0.01344,0.01266,0.01216,0.01156,0.01142,0.01138,0.01137,0.01129,0.01122,0.01117,0.01117,0.01113,0.01109,0.01106,0.01096,0.01087,0.01082,0.01084,0.01066,0.01054,0.01037,0.01029,0.01006,0.01031,0.03017,0.11535,0.14392,0.20274,0.14353,0.05638,0.02336,0.01354,0.01166,0.00991,0.00891,0.0092,0.00885,0.00868,0.00884,0.00896,0.00902,0.00905,0.00906,0.0091,0.00909,0.00912,0.00902,0.00903,0.009,0.00895,0.00897,0.00892,0.00892,0.00889,0.00887,0.00887,0.00881,0.00879,0.00879,0.00875,0.00868,0.00863,0.00854,0.00849,0.00848,0.0085,0.00835,0.00843,0.00924,0.01321,0.03927,0.0859,0.28239,0.5517,0.49515,0.44096,0.57035,0.40526,0.81751,0.52467,0.51511,0.37328,0.12467,0.02897,0.01313,0.00717,0.00649,0.00646,0.00686,0.00617,0.00718,0.00606,0.00579,0.00623,0.0064,0.00633,0.00631,0.00645,0.0064,0.0064,0.00645,0.0063,0.00643,0.00677,0.00668,0.00662,0.00654,0.00617,0.00629,0.00611,0.00619,0.00612,0.00576,0.00608,0.00594,0.00569,0.0053,0.00571,0.00613,0.00599,0.00576,0.00523,0.00585,0.00615,0.00686,0.00611,0.00585,0.00708,0.00663,0.00777,0.01047,0.00613,0.01059,0.01587,0.01656,0.02235,0.05382,0.20914,0.566,1.19381,0.01774,1.9496,0.03574
-1.49924,0.05377,0.05368,0.05406,0.05534,0.05645,0.05664,0.05705,0.05915,0.06229,0.06479,0.0664,0.06696,0.06716,0.06699,0.06963,0.07644,0.08322,0.08846,0.09245,0.09529,0.09715,0.09873,0.09899,0.09747,0.09428,0.09013,0.08745,0.08558,0.08488,0.08445,0.08146,0.07509,0.07193,0.07439,0.07948,0.0789,0.07101,0.0586,0.04531,0.04111,0.04047,0.03995,0.04056,0.04188,0.04374,0.04514,0.04383,0.03845,0.03086,0.02819,0.02663,0.0252,0.02354,0.02165,0.01994,0.01842,0.01659,0.01436,0.01165,0.00981,0.00882,0.0085,0.00836,0.00842,0.00875,0.00741,0.00757,0.00788,0.00826,0.00879,0.0092,0.00942,0.00926,0.00886,0.00829,0.00768,0.00695,0.0063,0.0057,0.005,0.00492,0.00501,0.00508,0.00506,0.00505,0.00501,0.00507,0.00512,0.00509,0.00512,0.00509,0.00504,0.00497,0.00501,0.0049,0.00474,0.00455,0.00457,0.00437,0.00465,0.01961,0.07129,0.13963,0.11604,0.0792,0.06069,0.01322,0.00564,0.00465,0.00337,0.00337,0.00343,0.0033,0.0034,0.00347,0.00363,0.00372,0.00375,0.00377,0.00383,0.00391,0.0039,0.00396,0.00398,0.00404,0.00401,0.004,0.00406,0.00404,0.00403,0.00403,0.00402,0.00393,0.00398,0.00388,0.00378,0.00371,0.00371,0.0036,0.00357,0.00347,0.00333,0.00355,0.00342,0.00407,0.00787,0.03362,0.08958,0.5184,0.88897,0.50628,0.45687,0.44896,0.43381,0.44811,0.48349,0.5223,0.4118,0.17217,0.02219,0.00965,0.00405,0.00257,0.00201,0.00204,0.0033,0.00348,0.00269,0.00173,0.00223,0.0022,0.00265,0.00248,0.00234,0.00207,0.00244,0.00226,0.00226,0.00251,0.00246,0.00218,0.0024,0.00233,0.0022,0.00228,0.00172,0.00206,0.00233,0.00251,0.00221,0.00233,0.00248,0.00236,0.0023,0.00246,0.00251,0.00259,0.00281,0.00252,0.00331,0.00293,0.00322,0.00337,0.00405,0.00388,0.00562,0.0067,0.00601,0.0073,0.01127,0.01226,0.01514,0.03214,0.32585,0.26712,1.19266,0.01601,2.01286,0.03392
-1.66106,0.05146,0.05147,0.05224,0.05364,0.05489,0.05564,0.05706,0.05982,0.06277,0.06511,0.06661,0.06714,0.06727,0.06719,0.06966,0.07574,0.08163,0.08615,0.08933,0.09141,0.09251,0.09313,0.0927,0.09119,0.08825,0.0845,0.08251,0.08112,0.08066,0.0806,0.0789,0.07452,0.07187,0.0731,0.07651,0.07501,0.06739,0.05538,0.04183,0.03753,0.03703,0.03687,0.03765,0.03925,0.04142,0.04296,0.04163,0.0359,0.02782,0.02507,0.02343,0.02207,0.02042,0.01857,0.0169,0.01519,0.01337,0.01111,0.00795,0.0069,0.00521,0.0049,0.00544,0.00515,0.00552,0.00708,0.00749,0.00782,0.0083,0.00879,0.00919,0.00939,0.00925,0.00882,0.00829,0.00778,0.00736,0.00628,0.00548,0.00514,0.00474,0.0049,0.00491,0.00487,0.00484,0.00481,0.00482,0.00487,0.00492,0.00497,0.00495,0.0049,0.0049,0.00486,0.0048,0.00466,0.0045,0.00433,0.00418,0.00427,0.02434,0.07277,0.11094,0.14743,0.08693,0.02942,0.00882,0.00488,0.0039,0.00324,0.00263,0.00266,0.00276,0.00246,0.00256,0.00259,0.00268,0.00276,0.00277,0.00278,0.00289,0.00291,0.00293,0.00293,0.00298,0.00303,0.00299,0.00306,0.00302,0.00305,0.00304,0.00298,0.00298,0.00296,0.00292,0.00285,0.00286,0.00286,0.00273,0.00273,0.00271,0.00269,0.00257,0.00262,0.00304,0.00731,0.03101,0.0759,0.67741,0.88907,0.44751,0.55054,0,0.91385,0.38157,0.18939,0.63224,0.69364,0.13025,0.02374,0.01121,0.00424,0.00228,0.0019,0.00201,0.00285,0.00299,0.00193,0.00176,0.00173,0.00167,0.00216,0.00169,0.00154,0.00136,0.00162,0.00171,0.00158,0.00177,0.00145,0.0016,0.00146,0.00144,0.0016,0.00138,0.00156,0.00157,0.00169,0.00188,0.00163,0.00159,0.00159,0.00145,0.00157,0.00219,0.00193,0.00222,0.00194,0.00238,0.00221,0.00276,0.00289,0.00333,0.00241,0.0032,0.00361,0.00448,0.00366,0.00427,0.00489,0.00732,0.00797,0.01854,0.12257,0.17291,1.17245,0.01229,2.13108,0.03608
-1.15448,0.05497,0.0554,0.05583,0.05622,0.05699,0.05704,0.05735,0.05787,0.0584,0.0588,0.05916,0.05929,0.05935,0.05947,0.0602,0.06155,0.06283,0.06364,0.06437,0.06516,0.06541,0.06381,0.06332,0.06233,0.06089,0.05907,0.0579,0.057,0.05639,0.05543,0.05384,0.05169,0.05057,0.05136,0.053,0.05347,0.05208,0.04894,0.04498,0.04369,0.04359,0.04331,0.04357,0.044,0.0446,0.04493,0.04447,0.04257,0.03989,0.039,0.03843,0.03779,0.03709,0.03635,0.03563,0.03455,0.03353,0.032,0.02814,0.02667,0.02734,0.02809,0.02862,0.0286,0.02872,0.0272,0.02711,0.02722,0.0273,0.02752,0.02766,0.02789,0.02787,0.0276,0.02725,0.02663,0.02537,0.02704,0.02772,0.02672,0.02738,0.02656,0.02605,0.02609,0.026,0.02609,0.02616,0.02621,0.0262,0.02616,0.02603,0.02623,0.0266,0.02657,0.0265,0.0265,0.02672,0.02628,0.02664,0.02394,0.03945,0.09635,0.1761,0.19017,0.13243,0.09305,0.04816,0.03458,0.02956,0.03027,0.02921,0.02712,0.02856,0.02873,0.02829,0.02774,0.02754,0.02738,0.02728,0.02719,0.02714,0.02698,0.0271,0.02722,0.02707,0.02712,0.0272,0.02713,0.02696,0.02707,0.02705,0.02692,0.0268,0.02657,0.0264,0.02629,0.02604,0.02581,0.0257,0.0257,0.02531,0.02486,0.02449,0.02421,0.02371,0.0263,0.05211,0.10936,0.89703,0.82414,0.73801,0,0,0.52567,0.54722,0.52364,0.59164,0.6264,0.35968,0.07068,0.04717,0.02842,0.02377,0.02251,0.02245,0.02461,0.02455,0.02349,0.02274,0.02228,0.02216,0.02245,0.02249,0.02256,0.02241,0.02248,0.02255,0.02281,0.02239,0.02214,0.02184,0.02192,0.02131,0.02162,0.02166,0.02061,0.02139,0.02151,0.02109,0.02093,0.02026,0.02023,0.01925,0.01941,0.01914,0.01752,0.01736,0.01631,0.01654,0.0156,0.01675,0.01584,0.01668,0.0149,0.01515,0.01614,0.01709,0.01485,0.01779,0.01772,0.01951,0.0198,0.04568,0.29026,0.41426,1.21475,0.00849,1.23526,0.00777
-0.74013,0.05659,0.05585,0.05587,0.05561,0.05491,0.0537,0.05306,0.05286,0.05283,0.05311,0.05374,0.05396,0.054,0.05439,0.05577,0.05846,0.06178,0.06484,0.06739,0.0693,0.07023,0.06963,0.0692,0.06785,0.0651,0.06181,0.05949,0.05816,0.05768,0.05625,0.05319,0.04838,0.04619,0.04949,0.05595,0.05894,0.05651,0.04972,0.04152,0.0394,0.03937,0.0393,0.03987,0.04103,0.04257,0.0438,0.04281,0.03865,0.03312,0.03142,0.03042,0.02954,0.02844,0.02733,0.02625,0.02519,0.02418,0.02344,0.02246,0.02201,0.02114,0.02021,0.02005,0.0201,0.02025,0.01606,0.01564,0.01576,0.01585,0.01603,0.01606,0.01606,0.01596,0.01572,0.01519,0.01458,0.01321,0.01409,0.01394,0.01331,0.0132,0.01301,0.01267,0.01257,0.0125,0.01246,0.01254,0.01257,0.01255,0.01248,0.01239,0.01232,0.0124,0.01221,0.01199,0.01174,0.01157,0.01109,0.01084,0.01002,0.034,0.08577,0.13226,0.3059,0.17451,0.12535,0.0479,0.01534,0.01128,0.00851,0.0073,0.00696,0.00753,0.00771,0.00749,0.00737,0.00749,0.00753,0.00751,0.00756,0.0076,0.00761,0.00767,0.00768,0.00769,0.00775,0.00775,0.0078,0.00773,0.00774,0.00772,0.0077,0.00766,0.0076,0.00751,0.00738,0.00735,0.0073,0.00727,0.00724,0.00714,0.00696,0.00696,0.00686,0.00689,0.01405,0.05575,0.10268,0.65748,0.62448,0.78161,0.5255,0.77258,0.72713,0.72975,0.39203,0.48234,0.33434,0.21757,0.08625,0.03322,0.01632,0.00934,0.00823,0.00782,0.0114,0.01159,0.00963,0.00813,0.00791,0.0083,0.00882,0.00903,0.0084,0.00829,0.00858,0.00843,0.00849,0.00841,0.00846,0.00805,0.00819,0.00803,0.00826,0.00766,0.0082,0.00797,0.00828,0.00782,0.00755,0.00723,0.00733,0.00665,0.00683,0.00649,0.00642,0.00573,0.00572,0.00477,0.00525,0.00578,0.00517,0.00473,0.00593,0.00503,0.00615,0.00875,0.00622,0.00737,0.01064,0.01173,0.02022,0.03597,0.1358,0.27975,1.32043,0.01466,1.35109,0.01013
-0.80938,0.05559,0.05439,0.05329,0.05231,0.05096,0.04932,0.04841,0.0479,0.04767,0.04796,0.04846,0.04852,0.04849,0.04884,0.05043,0.05364,0.05756,0.06137,0.06441,0.06656,0.06759,0.06759,0.06694,0.06528,0.06216,0.05838,0.05592,0.05449,0.05402,0.05226,0.04879,0.04351,0.04132,0.04507,0.05216,0.0554,0.05299,0.04672,0.03953,0.03807,0.03833,0.03837,0.03889,0.03991,0.04138,0.0425,0.0416,0.03802,0.03332,0.03197,0.0312,0.03048,0.0296,0.02877,0.02773,0.02675,0.0259,0.02464,0.02333,0.02256,0.02159,0.02157,0.02084,0.02116,0.02165,0.01843,0.01816,0.01842,0.01871,0.0189,0.01908,0.01916,0.01905,0.01883,0.01839,0.01787,0.01715,0.01666,0.01613,0.01536,0.01514,0.01514,0.015,0.01492,0.01489,0.0149,0.01505,0.01511,0.01527,0.0153,0.01534,0.0153,0.01534,0.01528,0.01507,0.01474,0.0145,0.01403,0.01352,0.01307,0.03299,0.11669,0.32313,0.26271,0.18104,0.10762,0.03787,0.01295,0.01085,0.00841,0.0072,0.00739,0.00707,0.0075,0.00772,0.00794,0.00824,0.0085,0.00879,0.00903,0.00927,0.00949,0.00966,0.00985,0.01,0.0101,0.01021,0.01034,0.01044,0.01043,0.0105,0.01045,0.01038,0.01026,0.01013,0.00995,0.00984,0.00964,0.00954,0.0093,0.00927,0.009,0.00888,0.00883,0.00866,0.01465,0.05243,0.23215,0.76214,0.59881,0.58543,0,0.28715,0.89043,0.47796,0.48663,0.37567,0.89288,0.38981,0.06529,0.03624,0.01226,0.00701,0.00682,0.00665,0.00922,0.00889,0.00835,0.0069,0.00646,0.00706,0.00713,0.00767,0.00696,0.007,0.00694,0.00727,0.00697,0.00736,0.00691,0.00707,0.00711,0.00667,0.00677,0.00712,0.00698,0.007,0.00675,0.00651,0.00648,0.00596,0.00574,0.00621,0.00505,0.0049,0.00542,0.00452,0.00466,0.00461,0.00347,0.00401,0.00468,0.00504,0.00759,0.00402,0.00592,0.0073,0.00813,0.00772,0.01647,0.01357,0.01615,0.04519,0.54545,0.78649,1.3853,0.01649,1.27302,0.00675
0.02392,0.03397,0.03548,0.03782,0.04101,0.04405,0.04654,0.04954,0.05357,0.05818,0.06238,0.06565,0.06824,0.07082,0.07343,0.07811,0.08536,0.09235,0.09885,0.10504,0.11135,0.11801,0.12439,0.12975,0.13237,0.13182,0.12846,0.12722,0.12692,0.12749,0.12813,0.12505,0.11777,0.11522,0.11876,0.12372,0.12064,0.108,0.08869,0.06765,0.06054,0.05901,0.05863,0.05893,0.06106,0.06448,0.06744,0.06694,0.0598,0.04878,0.04469,0.04205,0.03985,0.03753,0.03507,0.03324,0.03151,0.02948,0.02677,0.02418,0.02183,0.02041,0.0199,0.0194,0.02003,0.02009,0.01582,0.01594,0.01622,0.01704,0.01778,0.01851,0.01862,0.01889,0.01836,0.01777,0.01716,0.01638,0.01597,0.01519,0.01476,0.01449,0.01422,0.01428,0.01423,0.01412,0.0142,0.01413,0.01417,0.01428,0.01415,0.01414,0.0141,0.01403,0.01392,0.01384,0.01371,0.01377,0.01349,0.01354,0.0136,0.0136,0.04742,0.04503,0.01234,0.01351,0.01486,0.01357,0.01308,0.0136,0.01272,0.01305,0.01351,0.01326,0.01331,0.01331,0.01367,0.01375,0.01392,0.01406,0.01402,0.01411,0.01435,0.01454,0.01443,0.01467,0.0147,0.01462,0.01462,0.01477,0.01488,0.01475,0.0148,0.01462,0.01464,0.01449,0.01442,0.01438,0.01417,0.01401,0.01439,0.01403,0.01383,0.01369,0.01401,0.01476,0.01119,0.01368,0.02229,0.32476,0,0.36433,0.43857,0.14946,0.10357,0.09529,0.36907,0.10892,0.02232,0.01655,0.01071,0.01157,0.01464,0.01063,0.01234,0.01081,0.01253,0.01605,0.01311,0.01246,0.01172,0.01128,0.0144,0.01327,0.01337,0.01207,0.01243,0.01283,0.01268,0.01187,0.0128,0.01241,0.01373,0.01371,0.0123,0.01251,0.01136,0.01255,0.01108,0.01207,0.01203,0.01032,0.01296,0.01199,0.01182,0.01242,0.01059,0.01221,0.0129,0.00888,0.01295,0.01072,0.01299,0.01291,0.0089,0.01284,0.02072,0.00961,0.01357,0.02191,0.01558,0.01665,0.02418,0.02595,0.25687,0.19153,0.94375,0.00732,2.11905,0.05974
0.63074,0.03804,0.03836,0.03911,0.04062,0.04198,0.04298,0.04424,0.04622,0.0485,0.05038,0.05162,0.05248,0.05329,0.05413,0.05627,0.06,0.06336,0.06625,0.06873,0.07113,0.07387,0.07633,0.0784,0.07942,0.07909,0.07769,0.0771,0.07679,0.07686,0.07699,0.07588,0.07335,0.07262,0.07397,0.07552,0.07404,0.0687,0.05994,0.04928,0.0454,0.04456,0.04404,0.04455,0.04585,0.04792,0.04971,0.04931,0.04489,0.03774,0.03483,0.03278,0.03111,0.02921,0.02702,0.02527,0.02363,0.02151,0.01869,0.01562,0.01291,0.01116,0.01044,0.01025,0.01039,0.01067,0.00877,0.00912,0.00952,0.01016,0.01098,0.01198,0.01233,0.01233,0.01178,0.01096,0.01009,0.00934,0.00845,0.00739,0.00662,0.00616,0.00621,0.00621,0.00608,0.00613,0.00609,0.00598,0.00612,0.00609,0.00614,0.00608,0.00614,0.00609,0.0061,0.00588,0.00582,0.00539,0.00529,0.00525,0.00543,0.00723,0.02497,0.01921,0.01334,0.00714,0.00535,0.00312,0.0034,0.0037,0.0036,0.00397,0.00368,0.00393,0.00372,0.00373,0.00406,0.00412,0.00419,0.00433,0.00431,0.0044,0.00457,0.00445,0.00448,0.00475,0.0046,0.00472,0.00466,0.00477,0.00476,0.00469,0.00469,0.00492,0.00458,0.00443,0.00462,0.0045,0.00432,0.00451,0.0044,0.00434,0.00397,0.00412,0.00384,0.00471,0.00405,0.008,0.0166,0.27231,0,0,0.38742,0.71973,0.22395,0.17609,0.53696,0.17679,0.02113,0.0147,0.0068,0.00709,0.00498,0.00311,0.00259,0.00295,0.00468,0.00345,0.00322,0.00215,0.00224,0.00335,0.00439,0.00432,0.00359,0.00336,0.00336,0.00266,0.00255,0.00395,0.00268,0.0028,0.00372,0.00282,0.00271,0.00296,0.00379,0.00335,0.00363,0.0042,0.0035,0.00433,0.00323,0.00264,0.00326,0.00383,0.00501,0.00529,0.00256,0.00307,0.0027,0.00269,0.00467,0.00752,0.00378,0.00669,0.00376,0.00574,0.00226,0.00718,0.00792,0.01338,0.00993,0.0145,0.17784,0.11687,0.97351,0.00354,1.70289,0.02941
1.43774,0.04661,0.04649,0.04702,0.04853,0.04995,0.05104,0.05263,0.05519,0.05834,0.06113,0.06296,0.06417,0.06552,0.06723,0.07029,0.07501,0.07968,0.08413,0.08828,0.09245,0.09719,0.10153,0.10525,0.10739,0.10763,0.10608,0.10528,0.10512,0.10559,0.10615,0.1041,0.09907,0.09783,0.10141,0.10652,0.10648,0.09929,0.08625,0.06998,0.06422,0.06309,0.06251,0.06338,0.06554,0.06887,0.07174,0.07118,0.06426,0.05295,0.04845,0.04543,0.04277,0.03978,0.03654,0.03392,0.03161,0.0285,0.0242,0.01958,0.01543,0.01294,0.01197,0.01162,0.01176,0.01217,0.01044,0.0109,0.01184,0.01291,0.01396,0.01517,0.01581,0.01577,0.01504,0.01389,0.01258,0.0116,0.01025,0.0087,0.00743,0.00698,0.00699,0.00696,0.00687,0.00678,0.00693,0.00685,0.00681,0.0069,0.00688,0.00688,0.00693,0.0068,0.00672,0.00666,0.00642,0.00622,0.00591,0.0059,0.00562,0.009,0.02347,0.01209,0.01243,0.00598,0.00624,0.00471,0.00458,0.00448,0.00444,0.00447,0.00478,0.00474,0.00471,0.00465,0.00482,0.00482,0.00504,0.00492,0.00494,0.00502,0.00513,0.00505,0.00517,0.00515,0.00531,0.00533,0.00537,0.00544,0.00539,0.0053,0.00535,0.00531,0.00514,0.00507,0.00517,0.00498,0.00506,0.00495,0.00499,0.00497,0.00463,0.0046,0.00443,0.00479,0.0053,0.00745,0.01554,0.17395,0.21986,0,0.55613,0.27949,0.02295,0.02702,0.45791,0.06315,0.00842,0.00617,0.00427,0.00566,0.00361,0.00331,0.00401,0.00318,0.00356,0.00494,0.00326,0.00439,0.00324,0.00271,0.00393,0.0033,0.00391,0.00389,0.00395,0.0037,0.0037,0.00391,0.00257,0.00371,0.00384,0.00388,0.00474,0.00357,0.003,0.00343,0.00342,0.00346,0.00469,0.00292,0.0033,0.00463,0.00472,0.00405,0.00383,0.00285,0.00352,0.0022,0.00362,0.00211,0.00507,0.00514,0.00452,0.00426,0.00476,0.00465,0.00674,0.00461,0.00595,0.00632,0.01459,0.01126,0.02021,0.25273,0.93362,0.00328,1.65019,0.03833
0.78737,0.04863,0.04796,0.04786,0.04878,0.04977,0.05051,0.05157,0.0535,0.05599,0.05803,0.05913,0.0597,0.06049,0.0617,0.06417,0.06791,0.07167,0.0753,0.0789,0.08258,0.08612,0.09009,0.09311,0.09529,0.09582,0.09497,0.09455,0.09458,0.09508,0.0955,0.09405,0.09048,0.08948,0.09204,0.09595,0.09622,0.09129,0.08166,0.0688,0.06418,0.06329,0.06254,0.06365,0.06562,0.06855,0.07103,0.07045,0.06438,0.05409,0.0498,0.04685,0.04417,0.04108,0.03784,0.03496,0.03224,0.0289,0.02407,0.01732,0.01286,0.00973,0.00916,0.00865,0.00859,0.00849,0.00967,0.01059,0.01161,0.01312,0.01458,0.01571,0.01686,0.01663,0.01572,0.01431,0.01286,0.01177,0.00966,0.00784,0.00634,0.00563,0.00553,0.00554,0.0054,0.00534,0.00532,0.00535,0.00536,0.00546,0.00549,0.00544,0.00547,0.0054,0.00528,0.00514,0.00484,0.00454,0.00424,0.00401,0.00381,0.00584,0.02139,0.00909,0.00789,0.00392,0.003,0.00327,0.00265,0.00236,0.00225,0.00221,0.00212,0.00239,0.00237,0.00244,0.00247,0.00254,0.00252,0.00258,0.00255,0.00272,0.00264,0.00279,0.00281,0.00279,0.00279,0.0029,0.0028,0.00281,0.0028,0.00282,0.00286,0.00291,0.00281,0.00271,0.00267,0.00266,0.00259,0.00257,0.00259,0.00239,0.00234,0.00223,0.00225,0.00234,0.00209,0.00378,0.00861,0.0871,0.50444,0.27968,0.15828,0.23865,0.04832,0.03617,0.19957,0.04229,0.01742,0.00688,0.00335,0.00351,0.0016,0.00138,0.00183,0.00174,0.0022,0.00399,0.00203,0.00153,0.00213,0.00194,0.002,0.00207,0.00211,0.00125,0.00191,0.00234,0.00183,0.00211,0.00202,0.00177,0.00202,0.00228,0.00141,0.00241,0.0027,0.00207,0.00288,0.00178,0.0012,0.00117,0.00186,0.00216,0.00259,0.0021,0.00164,0.00194,0.00294,0.00248,0.00438,0.0025,0.00337,0.00506,0.00313,0.00259,0.00437,0.00489,0.00403,0.00598,0.00834,0.00373,0.00544,0.01567,0.02878,0.03776,0.91569,0.00124,1.48611,0.02875
1.46976,0.03292,0.03375,0.03555,0.03825,0.04096,0.0431,0.04557,0.04905,0.05328,0.05735,0.06049,0.06278,0.06552,0.06888,0.07326,0.07885,0.08511,0.09184,0.09833,0.10505,0.11201,0.11826,0.12285,0.12509,0.12512,0.12251,0.12056,0.11998,0.12059,0.12121,0.117,0.10723,0.10386,0.10957,0.12112,0.12463,0.1161,0.0992,0.0782,0.07111,0.06994,0.06966,0.07053,0.07325,0.07738,0.08088,0.08002,0.07121,0.05733,0.05213,0.04874,0.04585,0.04264,0.03911,0.03633,0.03372,0.0306,0.02581,0.02114,0.01701,0.01444,0.0136,0.01311,0.01342,0.01463,0.01101,0.0113,0.01229,0.01333,0.01462,0.01588,0.01667,0.01659,0.01595,0.01473,0.01367,0.01255,0.01108,0.00963,0.00817,0.00742,0.00722,0.00723,0.0073,0.00709,0.00704,0.00713,0.0072,0.00718,0.00716,0.0072,0.00722,0.00719,0.0071,0.00693,0.00681,0.00633,0.00618,0.00579,0.00614,0.00643,0.02395,0.01192,0.01433,0.00739,0.00294,0.00246,0.0028,0.00245,0.00232,0.00279,0.00267,0.00272,0.00261,0.00285,0.0031,0.00323,0.00348,0.00342,0.00364,0.00383,0.00387,0.00402,0.00404,0.00413,0.00429,0.0042,0.00455,0.00436,0.00449,0.00463,0.00454,0.00467,0.00463,0.00462,0.0041,0.00419,0.00428,0.00425,0.00405,0.00394,0.00378,0.00398,0.00393,0.00432,0.00441,0.00413,0.01635,0.26864,0.59228,0.58193,0.38691,0.34384,0.0567,0.0468,0.21464,0.07798,0.02706,0.01861,0.01095,0.00617,0.00437,0.00315,0.00236,0.00305,0.00687,0.00636,0.00345,0.00247,0.00206,0.00209,0.00349,0.00296,0.00236,0.00253,0.00222,0.0027,0.00276,0.00278,0.003,0.00309,0.00359,0.00337,0.00374,0.00379,0.00324,0.00293,0.00369,0.00439,0.00333,0.00364,0.00266,0.00371,0.00476,0.00385,0.00355,0.00281,0.00361,0.00299,0.00383,0.00702,0.00574,0.00605,0.00488,0.0067,0.00616,0.01185,0.01203,0.00939,0.0113,0.01324,0.01681,0.01856,0.16638,0.18298,0.95728,0.00808,1.67291,0.03963
1.38443,0.02149,0.02341,0.02612,0.02992,0.03336,0.03586,0.03888,0.04289,0.04776,0.05239,0.05617,0.0592,0.0626,0.06658,0.07154,0.07776,0.08471,0.09207,0.09917,0.10657,0.11466,0.12208,0.12772,0.13049,0.13053,0.12721,0.1249,0.12411,0.12464,0.12542,0.12028,0.10842,0.10426,0.11068,0.12334,0.12561,0.11349,0.09259,0.06909,0.06129,0.05997,0.05979,0.06028,0.06298,0.06714,0.07056,0.06971,0.06098,0.04752,0.04263,0.03961,0.03694,0.03408,0.03106,0.02856,0.02645,0.02367,0.01969,0.01628,0.01304,0.01078,0.00985,0.00967,0.00998,0.01021,0.00755,0.0079,0.00871,0.00961,0.01086,0.01177,0.01256,0.01248,0.01179,0.01082,0.00982,0.00916,0.00795,0.00665,0.00547,0.0048,0.00478,0.00482,0.0049,0.00478,0.0047,0.00486,0.00476,0.00484,0.00485,0.00497,0.00501,0.00495,0.00498,0.00482,0.00464,0.00452,0.00447,0.00436,0.00421,0.00686,0.03365,0.01935,0.01322,0.00712,0.00554,0.00343,0.0034,0.00336,0.00308,0.00289,0.00309,0.00303,0.00304,0.003,0.00316,0.00322,0.00336,0.00324,0.00328,0.00342,0.00346,0.00349,0.00349,0.00348,0.00352,0.00368,0.00366,0.00382,0.00385,0.00385,0.00396,0.00386,0.00387,0.00381,0.00366,0.00368,0.0039,0.00377,0.00364,0.00385,0.00365,0.00351,0.00383,0.00398,0.00423,0.00513,0.01775,0.12034,0.3542,0.26681,0.19953,0.27172,0.05184,0.0823,0.32713,0.12028,0.02714,0.01159,0.00468,0.00391,0.00279,0.00277,0.00378,0.00308,0.005,0.00403,0.00385,0.00308,0.00229,0.00398,0.0031,0.0024,0.00275,0.00219,0.00207,0.00384,0.00419,0.00332,0.00295,0.00298,0.00373,0.00322,0.00273,0.00352,0.00396,0.00312,0.00404,0.00447,0.00325,0.00317,0.00442,0.00395,0.00474,0.00476,0.00415,0.00542,0.00371,0.00349,0.00537,0.00691,0.00534,0.00605,0.00626,0.00695,0.00415,0.00646,0.00861,0.01352,0.00942,0.01494,0.01361,0.02843,0.07646,0.13078,0.95326,0.0102,2.00568,0.0507
0.29662,0.02314,0.02419,0.02591,0.02856,0.03149,0.03412,0.03658,0.0396,0.04316,0.04648,0.04904,0.05098,0.0532,0.05575,0.05926,0.06416,0.06955,0.0751,0.08029,0.08548,0.09101,0.09595,0.09933,0.10044,0.09947,0.09608,0.09373,0.09257,0.09247,0.09262,0.08865,0.07981,0.07669,0.08114,0.09015,0.09193,0.08298,0.06724,0.04955,0.04382,0.04293,0.04258,0.04342,0.04561,0.04893,0.05176,0.05114,0.04442,0.0341,0.03047,0.02818,0.02632,0.02425,0.02204,0.0202,0.01851,0.01667,0.014,0.011,0.00892,0.00774,0.00735,0.00743,0.00737,0.00732,0.00913,0.00961,0.01016,0.01048,0.01113,0.01187,0.01221,0.01226,0.01192,0.01137,0.01071,0.01038,0.00966,0.00891,0.00848,0.00807,0.00811,0.0081,0.00806,0.00812,0.00807,0.0081,0.00818,0.00823,0.00824,0.00841,0.00841,0.00841,0.00843,0.00844,0.00831,0.00826,0.00805,0.00794,0.00769,0.00749,0.02097,0.00858,0.01431,0.00986,0.00772,0.00693,0.00652,0.00662,0.00645,0.00667,0.00663,0.00675,0.00692,0.00689,0.00699,0.00706,0.00708,0.00721,0.00723,0.00733,0.00747,0.0074,0.00744,0.00755,0.0075,0.00752,0.00766,0.00775,0.00764,0.0078,0.00754,0.00763,0.00778,0.00772,0.00757,0.00762,0.00765,0.00739,0.00751,0.00787,0.00766,0.00765,0.00769,0.00762,0.00714,0.0085,0.01558,0.17179,0.37807,0.2851,0.30425,0.06201,0.06793,0.03639,0.08614,0.04509,0.02053,0.01199,0.00802,0.01154,0.00773,0.00711,0.00839,0.00833,0.00922,0.00792,0.00812,0.00813,0.00864,0.00836,0.00857,0.00945,0.00914,0.00896,0.00887,0.00857,0.00831,0.00901,0.00873,0.00901,0.01021,0.0086,0.0088,0.00799,0.00839,0.00897,0.00803,0.00871,0.00787,0.00769,0.00792,0.00739,0.00908,0.00786,0.0089,0.00693,0.0083,0.00729,0.00991,0.00824,0.0088,0.00818,0.01018,0.00843,0.01221,0.00756,0.00918,0.00953,0.01504,0.02413,0.00844,0.02675,0.05669,0.07295,1.02667,0.0118,2.06482,0.03821
0.21416,0.02262,0.02285,0.02357,0.0246,0.0255,0.02611,0.02718,0.02869,0.03037,0.03175,0.03269,0.03344,0.03435,0.03546,0.03697,0.03884,0.04076,0.04273,0.04454,0.04611,0.047,0.04808,0.0489,0.04903,0.04811,0.04647,0.04576,0.04603,0.04669,0.04685,0.0461,0.04463,0.04424,0.04494,0.04569,0.04499,0.04229,0.0377,0.03207,0.03029,0.03007,0.03022,0.03052,0.03143,0.03278,0.03404,0.03412,0.03181,0.02785,0.02648,0.02557,0.0249,0.02403,0.0231,0.02253,0.02179,0.02102,0.01988,0.01896,0.01801,0.01806,0.01791,0.01746,0.01736,0.01821,0.01251,0.01209,0.01225,0.01236,0.01253,0.01261,0.01293,0.01278,0.01279,0.0128,0.01248,0.01223,0.01232,0.01194,0.01188,0.01157,0.01142,0.01143,0.01131,0.01138,0.01135,0.01142,0.01149,0.0114,0.01145,0.01153,0.01151,0.01145,0.01144,0.01131,0.01134,0.01112,0.011,0.01099,0.01035,0.00954,0.03145,0.017,0.01795,0.01333,0.00822,0.00864,0.0089,0.00876,0.00886,0.00877,0.00881,0.00882,0.00898,0.00925,0.00938,0.00958,0.00984,0.01011,0.01009,0.01034,0.01059,0.01069,0.01079,0.01104,0.01118,0.01119,0.01127,0.01129,0.01143,0.01135,0.01132,0.01141,0.01114,0.01109,0.01095,0.01094,0.01081,0.01064,0.01063,0.01057,0.01021,0.01001,0.0098,0.01066,0.01064,0.00897,0.01421,0.13298,0.70261,0.54837,0.85043,0.09976,0.05028,0.0385,0.1473,0.06225,0.01875,0.01853,0.01292,0.0105,0.01094,0.01041,0.01014,0.01068,0.01148,0.01266,0.01198,0.01107,0.01182,0.01222,0.01119,0.01186,0.01189,0.01134,0.01185,0.0118,0.01189,0.01307,0.01186,0.01206,0.0129,0.01197,0.01169,0.01133,0.01051,0.01066,0.01176,0.01229,0.01155,0.01095,0.01206,0.01127,0.01018,0.00819,0.00776,0.00838,0.01001,0.00947,0.00867,0.00944,0.00652,0.00762,0.00811,0.0096,0.0093,0.01264,0.00507,0.00925,0.0065,0.01173,0.00708,0.01588,0.04061,0.23993,1.01938,0.00293,1.53311,0.01486
-0.39038,0.03024,0.03008,0.03004,0.03028,0.03036,0.03062,0.03111,0.03207,0.03329,0.03442,0.03519,0.03568,0.03642,0.03745,0.03925,0.04198,0.04524,0.04884,0.05231,0.0554,0.05812,0.05997,0.06159,0.06204,0.06008,0.05617,0.05395,0.05462,0.05679,0.05781,0.05576,0.05077,0.0491,0.05186,0.05786,0.06117,0.05744,0.04779,0.03598,0.03287,0.03284,0.03304,0.03388,0.0358,0.0387,0.04138,0.0413,0.0363,0.02886,0.02647,0.02507,0.02409,0.02305,0.02202,0.02129,0.02077,0.02014,0.01943,0.01876,0.01783,0.01738,0.01767,0.01783,0.01785,0.01819,0.01545,0.0153,0.0155,0.0157,0.01586,0.01599,0.01603,0.01616,0.01607,0.01596,0.01579,0.01562,0.01533,0.0155,0.01455,0.01418,0.01404,0.01391,0.01403,0.01387,0.01389,0.01408,0.0142,0.01437,0.01442,0.01443,0.01439,0.01445,0.01422,0.01408,0.01371,0.01346,0.01304,0.01256,0.01212,0.01346,0.03558,0.02124,0.02156,0.01591,0.01016,0.00596,0.00631,0.00632,0.00584,0.00572,0.00575,0.00574,0.00588,0.00628,0.00636,0.00675,0.00701,0.00731,0.00751,0.00768,0.00804,0.00817,0.00829,0.00858,0.00888,0.00893,0.00907,0.00945,0.00944,0.00947,0.00946,0.00938,0.00931,0.00914,0.00894,0.00899,0.00897,0.00865,0.00835,0.00826,0.00826,0.00769,0.00853,0.00862,0.0082,0.00892,0.01524,0.07912,0.50454,0.35599,0.94626,0.24059,0.10159,0.08538,0.23994,0.16959,0.0201,0.01515,0.00657,0.01095,0.00613,0.00514,0.00449,0.0051,0.00979,0.00795,0.00445,0.00471,0.00517,0.00418,0.00701,0.00569,0.00485,0.00454,0.00522,0.00454,0.00454,0.00536,0.00506,0.00477,0.00518,0.00497,0.00475,0.00607,0.00518,0.00611,0.0055,0.00484,0.0052,0.00479,0.00568,0.00506,0.00522,0.0043,0.00497,0.00461,0.00485,0.00695,0.00532,0.00535,0.00586,0.00536,0.00235,0.00378,0.00386,0.01028,0.00992,0.00519,0.01163,0.0139,0.01148,0.02409,0.03278,0.11986,1.04225,0.00628,1.69804,0.01902
-0.40276,0.05907,0.05708,0.05565,0.0544,0.0528,0.05123,0.05011,0.04947,0.04915,0.04935,0.04978,0.04985,0.05004,0.05071,0.05189,0.05402,0.0569,0.06035,0.06367,0.06643,0.06901,0.07087,0.07105,0.06914,0.06421,0.05789,0.05515,0.05328,0.05242,0.05166,0.04845,0.04269,0.03984,0.04069,0.04331,0.04185,0.03562,0.02858,0.02385,0.02298,0.02273,0.02212,0.02254,0.02276,0.02327,0.02373,0.02325,0.02179,0.02008,0.01957,0.01925,0.01891,0.01862,0.01832,0.01779,0.01741,0.01704,0.01663,0.01624,0.01601,0.01564,0.01506,0.01551,0.01578,0.01622,0.01176,0.01135,0.0115,0.01176,0.01188,0.01193,0.01198,0.01215,0.01194,0.01146,0.01071,0.01011,0.00936,0.00909,0.00827,0.00829,0.0085,0.00866,0.00851,0.00857,0.00845,0.00859,0.00863,0.00876,0.00865,0.00864,0.00849,0.00848,0.0085,0.00833,0.00805,0.00756,0.00718,0.00688,0.00579,0.00804,0.03465,0.03449,0.02403,0.01377,0.00704,0.00499,0.00349,0.00361,0.00349,0.00348,0.00335,0.00364,0.00372,0.00369,0.00393,0.00411,0.00438,0.00433,0.00442,0.00454,0.00443,0.00455,0.00474,0.00466,0.00483,0.00489,0.0049,0.0049,0.00478,0.00488,0.00486,0.00494,0.00478,0.00464,0.00464,0.00453,0.00454,0.00441,0.0044,0.00431,0.00428,0.00426,0.00407,0.00399,0.00362,0.00496,0.02049,0.27677,0.39432,0.62768,0.41335,0.2115,0.25082,0.33208,0.35099,0.05519,0.01793,0.02107,0.01073,0.00614,0.00406,0.00227,0.00324,0.00369,0.00348,0.00443,0.00433,0.00282,0.00291,0.003,0.00276,0.0039,0.00293,0.003,0.00242,0.00285,0.00303,0.00361,0.00311,0.00311,0.00317,0.00308,0.0027,0.00197,0.0023,0.0026,0.00332,0.00349,0.00432,0.0029,0.00422,0.00369,0.00264,0.00224,0.00236,0.00333,0.00371,0.00277,0.00312,0.00572,0.00604,0.00471,0.00432,0.00354,0.0083,0.00945,0.00551,0.00505,0.00898,0.00314,0.00893,0.02996,0.13713,0.33825,1.4243,0.02069,2.13214,0.01796
-0.55065,0.10532,0.1029,0.1009,0.10007,0.09956,0.09873,0.09791,0.0978,0.09835,0.09976,0.10174,0.10358,0.10532,0.10792,0.1119,0.11747,0.12455,0.13322,0.14069,0.14591,0.14825,0.14867,0.14391,0.13148,0.11194,0.09529,0.09108,0.08804,0.08544,0.08163,0.07617,0.07047,0.0687,0.06898,0.06806,0.06609,0.06337,0.06187,0.06402,0.06807,0.06983,0.06873,0.07109,0.07121,0.07117,0.0713,0.06937,0.06873,0.06872,0.06905,0.06928,0.06914,0.06906,0.06836,0.06623,0.06492,0.06384,0.06322,0.05766,0.05594,0.05828,0.05924,0.06072,0.06142,0.06451,0.0429,0.04067,0.0411,0.0415,0.0417,0.04117,0.04172,0.04144,0.0404,0.03947,0.03781,0.03368,0.0328,0.03482,0.03339,0.03488,0.03545,0.03537,0.03487,0.03499,0.035,0.03555,0.03611,0.03695,0.03677,0.03691,0.03669,0.03729,0.03718,0.03648,0.03625,0.03474,0.03324,0.03087,0.02661,0.08604,0.55158,0.44687,0.67373,0.59378,0.41609,0.08055,0.02848,0.02942,0.01766,0.02058,0.01927,0.01918,0.02118,0.02048,0.02101,0.02109,0.02153,0.022,0.02246,0.02266,0.0235,0.02322,0.02393,0.02471,0.02453,0.02465,0.02491,0.02503,0.02502,0.02475,0.02504,0.02436,0.02385,0.02372,0.02308,0.02264,0.02224,0.02197,0.0222,0.02197,0.02169,0.02111,0.02084,0.02209,0.0327,0.20503,0.70457,0.6091,0.34017,0.45053,0.24141,0.25341,0.64322,0.75677,0.65479,0.481,0.3289,0.3096,0.11533,0.04066,0.02628,0.01237,0.01228,0.01494,0.01549,0.01758,0.01508,0.01499,0.01474,0.01443,0.0142,0.01076,0.01382,0.01291,0.01039,0.01529,0.01385,0.01441,0.01398,0.00999,0.01066,0.01452,0.01268,0.01359,0.01296,0.01458,0.01282,0.01106,0.01157,0.01109,0.01552,0.01073,0.01542,0.00894,0.00539,0.00774,0.00733,0.00827,0.01734,0.01554,0.017,0.01792,0.01648,0.01643,0.02631,0.03278,0.01936,0.05383,0.03681,0.04704,0.12006,0.23649,0.61722,0.12391,1.94635,0.05532,1.09068,-0.00085
-0.5804,0.09494,0.09179,0.09019,0.0891,0.08808,0.08715,0.08667,0.08674,0.08754,0.08904,0.09131,0.09301,0.09482,0.0975,0.10145,0.10701,0.11391,0.12287,0.13037,0.13566,0.13867,0.13977,0.13604,0.12381,0.10422,0.08753,0.08342,0.08041,0.07796,0.07406,0.06861,0.06295,0.06127,0.06171,0.06126,0.06038,0.05912,0.05888,0.06173,0.06559,0.06729,0.06638,0.06854,0.06869,0.06867,0.06904,0.06727,0.06661,0.06647,0.06684,0.06711,0.06694,0.06679,0.06637,0.06475,0.06363,0.06223,0.06199,0.05782,0.05598,0.05568,0.05808,0.06036,0.06013,0.06237,0.04369,0.04193,0.04244,0.04266,0.04298,0.04246,0.04325,0.04295,0.04284,0.04184,0.04097,0.03702,0.03773,0.03905,0.03613,0.03764,0.03757,0.03733,0.0373,0.03732,0.03771,0.03837,0.03893,0.03983,0.04022,0.04029,0.04007,0.04082,0.04091,0.0404,0.03884,0.03758,0.03578,0.03514,0.03023,0.14751,0.30814,0.54309,0.34966,0.51052,0.31516,0.09309,0.03231,0.03244,0.0202,0.01565,0.0184,0.01678,0.01867,0.01836,0.0195,0.01942,0.02062,0.02101,0.02123,0.02205,0.02283,0.02318,0.02318,0.02398,0.02445,0.02475,0.02441,0.02488,0.02524,0.02488,0.02482,0.02505,0.02426,0.02465,0.02346,0.02299,0.0237,0.0226,0.02227,0.02151,0.02194,0.02105,0.01975,0.01919,0.03985,0.17782,0.49594,0.20128,0.24113,0.56329,0.9447,0.34081,0.61729,0.56665,0.9968,0.34787,0.61887,0.18596,0.0583,0.07351,0.01834,0.0102,0.00851,0.00929,0.00771,0.01028,0.01014,0.01182,0.01098,0.01157,0.0116,0.01121,0.01054,0.01074,0.01113,0.01539,0.0141,0.01435,0.01235,0.0128,0.01155,0.01595,0.01209,0.00927,0.01223,0.01372,0.01147,0.01367,0.01237,0.01497,0.0115,0.00851,0.00785,0.01169,0.01092,0.00827,0.01604,0.01484,0.01048,0.01119,0.02157,0.01438,0.02019,0.02388,0.03755,0.03318,0.03616,0.06362,0.06793,0.09153,0.03126,0.48527,0.08006,0.15793,2.021,0.05519,1.0197,-0.00558
-0.50078,0.12908,0.12644,0.12487,0.12353,0.12258,0.1213,0.11994,0.11933,0.1191,0.1198,0.12129,0.12219,0.12326,0.12528,0.12853,0.13352,0.14023,0.14866,0.15567,0.15981,0.16114,0.16251,0.15738,0.14475,0.12539,0.10958,0.10517,0.10167,0.09886,0.09456,0.08887,0.08333,0.08151,0.08183,0.08092,0.07955,0.07668,0.0747,0.07774,0.08226,0.08336,0.08026,0.08401,0.08364,0.0827,0.08249,0.07899,0.07822,0.07834,0.0795,0.07939,0.07923,0.07871,0.07772,0.07412,0.07182,0.07027,0.06882,0.06055,0.06086,0.05806,0.0628,0.06551,0.06776,0.06905,0.04835,0.0463,0.0462,0.04692,0.0467,0.04623,0.04613,0.0457,0.04495,0.04315,0.04119,0.03807,0.03482,0.03759,0.034,0.03593,0.03673,0.03699,0.03661,0.03683,0.03658,0.03692,0.03773,0.03811,0.0383,0.03769,0.03665,0.0374,0.03692,0.03625,0.03448,0.03353,0.03132,0.02885,0.02752,0.08414,0.39189,0.4616,0.45463,0.2629,0.30451,0.10935,0.03502,0.03076,0.01644,0.01692,0.01681,0.01689,0.01749,0.0182,0.01873,0.01924,0.01968,0.02009,0.02005,0.02066,0.02025,0.02067,0.02065,0.02046,0.02085,0.02154,0.02065,0.02118,0.02101,0.0207,0.02056,0.02048,0.01975,0.02005,0.01976,0.01902,0.01938,0.01831,0.01903,0.01811,0.01776,0.01736,0.01848,0.02226,0.04338,0.12378,0.49554,0.48655,0.55846,0.45904,0.51885,0.69689,0.62118,0.79962,0.85288,0.34192,0.45851,0.44681,0.10315,0.05213,0.02022,0.01638,0.0123,0.01433,0.01604,0.01444,0.01332,0.01319,0.01502,0.01321,0.01533,0.01406,0.01504,0.01677,0.01155,0.01255,0.01312,0.01096,0.01136,0.01127,0.0123,0.01281,0.01271,0.01439,0.01296,0.01314,0.01509,0.012,0.01435,0.0117,0.00714,0.0135,0.01305,0.01002,0.01283,0.0063,0.01158,0.01246,0.01527,0.01009,0.0213,0.0188,0.01607,0.02676,0.03767,0.03836,0.04404,0.0358,0.07335,0.14231,0.09316,0.23839,0.54017,0.57659,1.81331,0.05588,1.06603,-0.00153
-0.65561,0.11216,0.11092,0.11064,0.11107,0.11148,0.11125,0.11075,0.11085,0.11139,0.11284,0.11504,0.11667,0.1184,0.12081,0.1245,0.13042,0.13815,0.14765,0.15578,0.16132,0.1636,0.1655,0.16044,0.14729,0.12761,0.11105,0.10644,0.10302,0.10032,0.09607,0.0903,0.08436,0.08264,0.08372,0.08328,0.08089,0.07697,0.074,0.07495,0.07785,0.0785,0.07631,0.07873,0.07844,0.07776,0.07754,0.07495,0.07385,0.07345,0.07398,0.07362,0.07329,0.07273,0.07179,0.06918,0.06743,0.06606,0.06459,0.05789,0.05861,0.05589,0.05943,0.06124,0.06268,0.0636,0.04329,0.04087,0.04107,0.041,0.0407,0.04062,0.04021,0.03997,0.03951,0.03864,0.03709,0.03281,0.03355,0.03386,0.03307,0.03347,0.03332,0.03327,0.03289,0.03278,0.03278,0.03331,0.03315,0.03338,0.03354,0.03311,0.03304,0.03293,0.03249,0.03152,0.03094,0.02989,0.0276,0.02759,0.02772,0.04186,0.28633,0.46829,0.45248,0.23462,0.3285,0.10003,0.02139,0.01893,0.01822,0.0173,0.01726,0.01698,0.01757,0.01835,0.01864,0.01898,0.01903,0.01949,0.01944,0.01947,0.01987,0.01997,0.01982,0.01987,0.02005,0.01991,0.02,0.02024,0.02008,0.01963,0.01957,0.01923,0.01913,0.01894,0.01945,0.01874,0.01845,0.01866,0.01813,0.01703,0.01729,0.01718,0.01853,0.01729,0.03042,0.11302,0.50659,0.37766,0.54104,0.28786,0.30601,0.54995,0.55094,0.7827,0.31766,0.32065,0.51537,0.46969,0.1127,0.05778,0.02624,0.01377,0.00996,0.01113,0.01517,0.01565,0.01283,0.0106,0.01089,0.01164,0.01179,0.01101,0.01275,0.01293,0.01392,0.01364,0.01348,0.01465,0.01238,0.01307,0.01354,0.01017,0.0106,0.01121,0.01171,0.01265,0.01005,0.00852,0.00966,0.01051,0.01033,0.01255,0.01339,0.00998,0.01363,0.01089,0.01057,0.01288,0.026,0.02323,0.01618,0.01792,0.02046,0.02123,0.0214,0.027,0.03263,0.01983,0.06199,0.09059,0.12396,0.17903,0.67746,0.62128,1.81181,0.05699,1.15027,0.00522
-0.51663,0.10767,0.10639,0.10609,0.10617,0.10582,0.10552,0.10501,0.10516,0.10556,0.107,0.10935,0.11102,0.11287,0.11535,0.11917,0.12547,0.13414,0.14489,0.15406,0.16003,0.16367,0.16627,0.16124,0.14722,0.12624,0.10865,0.10388,0.1004,0.09779,0.09361,0.08759,0.08144,0.08017,0.08197,0.08216,0.08021,0.07669,0.07441,0.07672,0.08113,0.0828,0.08074,0.08389,0.08374,0.08347,0.08362,0.08088,0.07999,0.07981,0.08068,0.08071,0.08079,0.08038,0.07966,0.07679,0.07488,0.07349,0.07212,0.06464,0.06411,0.06503,0.06697,0.06855,0.07147,0.0711,0.04917,0.04657,0.04621,0.04682,0.04693,0.04685,0.0469,0.04672,0.04566,0.04469,0.04288,0.04174,0.03885,0.03759,0.03818,0.03691,0.03882,0.03835,0.03863,0.03862,0.03823,0.03882,0.03942,0.04016,0.04004,0.0396,0.03942,0.03932,0.03895,0.0383,0.03737,0.03558,0.03382,0.03251,0.03284,0.11898,0.5316,0.6695,0.68238,0.37058,0.25509,0.1176,0.05334,0.03147,0.02593,0.02195,0.02124,0.01943,0.0224,0.02073,0.02134,0.0214,0.02189,0.02215,0.02236,0.0226,0.02274,0.02317,0.02322,0.02355,0.02353,0.02443,0.02442,0.02357,0.02476,0.02346,0.02395,0.02432,0.02388,0.0232,0.02292,0.02265,0.02234,0.02252,0.02218,0.02108,0.02037,0.01858,0.01981,0.02286,0.05708,0.22016,0.30121,0.34722,0.77242,0.44392,0.42673,0.62976,0.39692,0.38906,0.49219,0.33896,0.54015,0.70408,0.24022,0.08931,0.02711,0.02423,0.01391,0.02169,0.02232,0.02314,0.01729,0.01295,0.01581,0.0153,0.01444,0.01628,0.01687,0.01611,0.0149,0.01578,0.01933,0.01576,0.01702,0.01616,0.01951,0.01668,0.01979,0.01608,0.01753,0.01714,0.01535,0.01487,0.0192,0.01495,0.01657,0.01869,0.01697,0.02185,0.01677,0.01647,0.01402,0.02852,0.02387,0.02031,0.01604,0.0169,0.029,0.01839,0.05278,0.05702,0.07447,0.08485,0.0614,0.18555,0.10675,0.1818,0.36767,0.36306,1.86862,0.05963,1.0578,-0.00083
-0.54726,0.08114,0.08029,0.07983,0.08002,0.0805,0.08085,0.08139,0.08275,0.08437,0.08677,0.08969,0.09227,0.09498,0.0985,0.10315,0.10913,0.11605,0.1249,0.13252,0.13741,0.14067,0.14333,0.14057,0.12873,0.10914,0.09179,0.08809,0.08552,0.08311,0.07963,0.07424,0.0688,0.06744,0.06763,0.06599,0.06341,0.06038,0.05923,0.06141,0.06539,0.06737,0.0667,0.06915,0.06941,0.06963,0.07013,0.06862,0.06811,0.0676,0.06825,0.06836,0.0685,0.06839,0.06809,0.06641,0.06503,0.06411,0.06271,0.05768,0.05629,0.05717,0.05981,0.0597,0.06175,0.06316,0.03678,0.03519,0.03515,0.03473,0.03499,0.03508,0.03513,0.03505,0.03483,0.03377,0.0335,0.03193,0.02874,0.03029,0.02794,0.02757,0.02863,0.02923,0.02877,0.02852,0.0288,0.02909,0.02979,0.03003,0.03005,0.03039,0.03045,0.03031,0.0303,0.03,0.02915,0.02894,0.02723,0.02523,0.02459,0.1649,0.2617,0.54527,0.49187,0.29854,0.4623,0.09056,0.03416,0.02861,0.01445,0.01458,0.01363,0.01482,0.01454,0.01466,0.01388,0.01522,0.01521,0.016,0.0156,0.01575,0.01602,0.01677,0.01691,0.01665,0.01708,0.01717,0.01717,0.0174,0.01722,0.01695,0.01701,0.01679,0.01639,0.01662,0.01635,0.0155,0.01535,0.01606,0.01622,0.01469,0.01552,0.01448,0.01411,0.01707,0.03677,0.32583,0.25171,0.30805,0.35942,0.64434,0.79611,0.52502,0.34477,0.48945,0.70131,0.44447,0.48579,0.36595,0.2554,0.06845,0.03551,0.02174,0.0205,0.02054,0.03822,0.02737,0.01805,0.0156,0.01833,0.01926,0.02007,0.01587,0.01527,0.01586,0.0159,0.01627,0.01496,0.01316,0.01229,0.01567,0.01343,0.01285,0.01304,0.01507,0.01303,0.01426,0.01454,0.01943,0.01707,0.01545,0.01421,0.01803,0.01434,0.01198,0.01612,0.01789,0.01712,0.0148,0.01684,0.01884,0.02399,0.03287,0.01967,0.04879,0.04233,0.06112,0.03713,0.06911,0.11002,0.12082,0.17962,0.26578,0.42788,0.48036,1.89472,0.05449,1.10204,0.00026
-0.65218,0.09406,0.09363,0.09374,0.09446,0.09522,0.09567,0.09637,0.0977,0.09954,0.10192,0.10445,0.1068,0.10932,0.1127,0.1173,0.12303,0.12954,0.13785,0.14514,0.15034,0.15387,0.15786,0.15657,0.14607,0.12687,0.10965,0.1059,0.10315,0.10056,0.09671,0.09083,0.085,0.08346,0.08308,0.08078,0.07706,0.07206,0.06825,0.06894,0.07208,0.07286,0.07045,0.07356,0.07325,0.07296,0.07288,0.0701,0.06923,0.069,0.06984,0.06986,0.0696,0.0693,0.06846,0.06583,0.06341,0.06176,0.06113,0.05473,0.05288,0.05562,0.05675,0.0593,0.06037,0.0629,0.03715,0.03447,0.03408,0.03417,0.03483,0.03453,0.0347,0.03421,0.03377,0.03207,0.03078,0.02974,0.03112,0.02983,0.0272,0.02776,0.0276,0.02819,0.02787,0.02807,0.02771,0.02812,0.0286,0.02907,0.02872,0.02861,0.028,0.02857,0.02842,0.02785,0.0275,0.02707,0.02543,0.02517,0.0243,0.15709,0.6247,0.22311,0.32003,0.42747,0.46043,0.12045,0.0336,0.02263,0.01995,0.0185,0.01688,0.01918,0.01558,0.01696,0.01699,0.0171,0.01806,0.01773,0.01824,0.01863,0.01893,0.01839,0.01861,0.01859,0.01845,0.01907,0.01905,0.01878,0.01852,0.01903,0.01887,0.01845,0.01767,0.01819,0.0176,0.017,0.01742,0.01712,0.01766,0.01746,0.01593,0.01645,0.01864,0.01867,0.04598,0.28488,0.3737,0.39868,0.55192,0.50727,0.40028,0.67432,0.69585,0.59067,0.48032,0.32675,0.001,0.31542,0.1158,0.05161,0.02314,0.02269,0.01542,0.02251,0.02487,0.02216,0.01815,0.01421,0.01165,0.01245,0.01222,0.01822,0.01726,0.01682,0.01729,0.017,0.0166,0.01574,0.01742,0.0125,0.01702,0.01706,0.02072,0.02292,0.0205,0.01484,0.01611,0.01554,0.01553,0.02092,0.01532,0.01431,0.01638,0.01772,0.01515,0.01661,0.01711,0.01388,0.01633,0.01265,0.0133,0.02408,0.03404,0.02045,0.03472,0.03618,0.02681,0.02536,0.0634,0.12569,0.12112,0.40577,0.22009,0.62264,1.6939,0.05523,1.24666,0.01022
-0.61888,0.12261,0.11991,0.11836,0.11709,0.11591,0.11474,0.11401,0.1139,0.11441,0.11544,0.117,0.11812,0.11941,0.12181,0.12556,0.13039,0.13662,0.14446,0.15125,0.15552,0.15832,0.16169,0.15936,0.14808,0.12856,0.11174,0.10753,0.10417,0.10138,0.09722,0.09133,0.08552,0.08366,0.08328,0.08127,0.07846,0.07437,0.07143,0.07389,0.0785,0.07975,0.07668,0.08105,0.08068,0.08019,0.08009,0.07667,0.07587,0.0758,0.07716,0.07725,0.07722,0.077,0.07598,0.07238,0.06981,0.06813,0.06694,0.05952,0.05925,0.0595,0.06226,0.06432,0.06628,0.06875,0.04545,0.04306,0.04299,0.04329,0.04349,0.04322,0.043,0.04288,0.04228,0.04075,0.03769,0.03379,0.03269,0.03014,0.02907,0.02999,0.03257,0.03264,0.03279,0.03308,0.03269,0.03296,0.03364,0.03407,0.03424,0.03369,0.03342,0.03371,0.03358,0.03284,0.03212,0.03069,0.02861,0.02698,0.02312,0.11963,0.26581,0.6025,0.27221,0.25896,0.41437,0.07613,0.03822,0.02703,0.01806,0.0128,0.01658,0.01557,0.01427,0.01573,0.01664,0.01775,0.01775,0.01831,0.01848,0.01899,0.01885,0.01919,0.01949,0.01935,0.01944,0.0194,0.01956,0.01945,0.01943,0.01987,0.01902,0.01937,0.0187,0.0186,0.01781,0.01782,0.01666,0.01737,0.01684,0.01627,0.01527,0.01561,0.01768,0.01998,0.04611,0.1863,0.2754,0.80881,0.49057,0.40526,0.30573,0.3087,0.84643,0.74152,0.3201,0.33562,0.64087,0.74443,0.32039,0.09633,0.03589,0.01435,0.01813,0.0225,0.03147,0.02488,0.01846,0.01573,0.01551,0.01413,0.01687,0.0168,0.01473,0.01521,0.01239,0.01518,0.01569,0.01542,0.01626,0.01768,0.01618,0.01559,0.01376,0.01488,0.01624,0.01638,0.0192,0.01902,0.01312,0.01867,0.01601,0.01409,0.01688,0.01528,0.01786,0.01727,0.01789,0.01714,0.01518,0.01908,0.01785,0.01384,0.02022,0.02942,0.02695,0.03294,0.06827,0.04582,0.17405,0.19794,0.08585,0.16531,0.65255,0.54609,1.73352,0.05675,1.1452,0.00353
-0.55486,0.13033,0.13141,0.13345,0.13626,0.13836,0.13962,0.14114,0.1432,0.14569,0.14827,0.1513,0.15371,0.15637,0.15978,0.1643,0.16973,0.17594,0.18344,0.18996,0.19417,0.19658,0.19934,0.1976,0.18747,0.17042,0.15517,0.15147,0.14863,0.1461,0.1422,0.13695,0.13175,0.13038,0.13095,0.13058,0.12937,0.12728,0.12689,0.13009,0.13453,0.13632,0.13516,0.13753,0.13738,0.1372,0.13727,0.13528,0.13452,0.13405,0.13451,0.1346,0.1344,0.13432,0.13363,0.13168,0.13004,0.12933,0.12844,0.1237,0.12362,0.12354,0.12459,0.12456,0.12637,0.12793,0.08155,0.07654,0.07691,0.07714,0.07742,0.07679,0.0772,0.07682,0.0766,0.07507,0.0735,0.06998,0.07125,0.07177,0.06735,0.06724,0.0672,0.06723,0.06676,0.06653,0.06613,0.06717,0.06699,0.06797,0.06801,0.06804,0.06754,0.0678,0.06748,0.06621,0.06472,0.06353,0.06042,0.05938,0.05824,0.08171,0.30868,0.61486,0.57065,0.19774,0.32256,0.09522,0.05905,0.04392,0.04135,0.04099,0.04054,0.04234,0.0425,0.044,0.04393,0.04427,0.0448,0.04522,0.04534,0.04621,0.0464,0.04694,0.04729,0.04771,0.04773,0.04788,0.04797,0.04805,0.04768,0.04792,0.04796,0.04744,0.04729,0.04701,0.04627,0.04613,0.04573,0.04546,0.04503,0.04448,0.04398,0.04359,0.04248,0.03971,0.04477,0.21716,0.27605,0.3692,0.41282,0.28302,0.24719,0.21226,0.39445,0.32856,0.26292,0.28564,0.4462,0.62868,0.46622,0.12655,0.06142,0.05721,0.05476,0.05146,0.05838,0.06876,0.05723,0.05793,0.05878,0.05903,0.05696,0.05705,0.05643,0.05863,0.05601,0.05797,0.05631,0.05633,0.06023,0.05785,0.05664,0.06002,0.06131,0.05766,0.05895,0.05927,0.0581,0.05523,0.05396,0.04583,0.05446,0.0557,0.04287,0.04789,0.04831,0.04963,0.04923,0.06396,0.05759,0.04561,0.05863,0.0697,0.05887,0.06271,0.04242,0.12708,0.11303,0.08198,0.12372,0.18809,0.14883,0.18432,0.58349,0.53413,1.43546,0.05052,1.00462,-0.00537
-0.53347,0.09509,0.09412,0.09333,0.09327,0.09307,0.09241,0.09246,0.09316,0.09428,0.09571,0.09766,0.09925,0.10108,0.10361,0.10714,0.11161,0.11696,0.12377,0.12963,0.13365,0.13583,0.13765,0.13559,0.12584,0.10963,0.0952,0.09178,0.08927,0.08703,0.08362,0.07896,0.07415,0.07284,0.0728,0.07201,0.07157,0.07131,0.07321,0.07812,0.08384,0.08665,0.08668,0.08904,0.08933,0.08961,0.09004,0.0887,0.08834,0.08811,0.08885,0.08917,0.08934,0.0895,0.08906,0.0878,0.08668,0.08603,0.08527,0.08218,0.08152,0.08095,0.081,0.0816,0.08239,0.08414,0.0558,0.05249,0.05329,0.05386,0.05355,0.05466,0.05446,0.05472,0.05389,0.05302,0.05231,0.05065,0.0556,0.05004,0.04822,0.04715,0.04664,0.04656,0.04626,0.04647,0.04639,0.04718,0.04734,0.04829,0.0484,0.04847,0.04853,0.04857,0.04868,0.04763,0.04699,0.04509,0.0434,0.04042,0.04157,0.11165,0.45228,0.52665,0.45048,0.30439,0.23359,0.09111,0.04712,0.03231,0.02587,0.02277,0.02391,0.02179,0.02194,0.02318,0.02374,0.02427,0.02515,0.02591,0.02607,0.02666,0.02727,0.02802,0.02845,0.0284,0.02904,0.02985,0.03028,0.02994,0.03019,0.03068,0.02958,0.03025,0.02969,0.02946,0.02949,0.02836,0.02837,0.02815,0.0287,0.02716,0.02694,0.02693,0.02656,0.0267,0.0287,0.14409,0.2806,0.43237,0.73001,0.54076,0.34008,0.44065,0.56131,0.35558,0.17076,0.23431,0.44024,0.57108,0.44913,0.10106,0.03114,0.02371,0.02375,0.02276,0.03008,0.02232,0.02707,0.02771,0.02459,0.02153,0.02571,0.02288,0.02306,0.02382,0.02703,0.0285,0.02366,0.02391,0.02893,0.02535,0.02796,0.02616,0.02688,0.02294,0.02934,0.02733,0.02189,0.0253,0.02855,0.02697,0.02529,0.01476,0.01997,0.01775,0.0267,0.01979,0.02597,0.01958,0.01849,0.03047,0.03115,0.03545,0.04235,0.03754,0.03029,0.083,0.06236,0.06965,0.05982,0.17776,0.08704,0.34793,0.75561,0.77498,1.72026,0.04689,0.91121,-0.01385
-0.62935,0.10915,0.10838,0.10867,0.10944,0.10987,0.10975,0.10994,0.1107,0.11178,0.113,0.11464,0.11594,0.11754,0.11974,0.1229,0.12658,0.13087,0.13621,0.14091,0.14387,0.14454,0.14754,0.14613,0.13784,0.12351,0.11094,0.10783,0.10537,0.1032,0.10005,0.09581,0.09168,0.09061,0.09051,0.08846,0.0852,0.08092,0.07741,0.07717,0.0786,0.0785,0.07647,0.07808,0.07741,0.07678,0.07642,0.07417,0.07313,0.07246,0.07272,0.07227,0.07186,0.07144,0.07036,0.06803,0.06651,0.06504,0.06404,0.06022,0.05977,0.05918,0.06008,0.06098,0.06123,0.06235,0.04481,0.04278,0.04254,0.04255,0.04236,0.04201,0.04188,0.04116,0.04064,0.03933,0.03783,0.03544,0.03766,0.03604,0.03361,0.0339,0.03525,0.03471,0.03454,0.03424,0.03425,0.03452,0.03383,0.03432,0.03408,0.03366,0.03281,0.03292,0.03243,0.03146,0.03118,0.03071,0.02902,0.0295,0.03267,0.16248,0.33986,0.50712,0.55267,0.39801,0.32141,0.09369,0.04458,0.03722,0.02895,0.02266,0.02388,0.02394,0.02146,0.02102,0.02138,0.02096,0.02121,0.0212,0.02103,0.02125,0.02136,0.02103,0.02085,0.02077,0.02089,0.02042,0.02027,0.02013,0.0209,0.02032,0.02009,0.02001,0.02011,0.01942,0.01939,0.01965,0.01961,0.01885,0.01873,0.01886,0.01843,0.01876,0.01976,0.02182,0.056,0.23003,0.31382,0.48012,0,0.47517,0.43262,0.37085,0.72663,0.61926,0.17983,0.66299,0.2225,0.65976,0.22974,0.06289,0.02993,0.02807,0.02467,0.02006,0.02708,0.03108,0.02403,0.02478,0.02428,0.02081,0.02065,0.02281,0.02482,0.02033,0.0173,0.01993,0.02143,0.02126,0.01804,0.02011,0.01785,0.01832,0.02168,0.01948,0.0162,0.01778,0.01607,0.01846,0.01641,0.01613,0.01706,0.01303,0.00997,0.00642,0.01253,0.0166,0.01066,0.01555,0.01588,0.02778,0.02168,0.03136,0.02039,0.01578,0.03301,0.05637,0.03564,0.0203,0.08076,0.10774,0.03055,0.09537,0.86284,0.61198,1.50861,0.04203,1.22044,0.012
-0.49712,0.08186,0.08107,0.0808,0.08158,0.08202,0.08214,0.08271,0.08385,0.08533,0.0871,0.08927,0.0911,0.09319,0.09594,0.09963,0.104,0.10882,0.11492,0.12046,0.12459,0.12698,0.1308,0.13051,0.12283,0.10797,0.09388,0.09093,0.08879,0.087,0.08421,0.07982,0.07504,0.07381,0.07399,0.07256,0.06934,0.06514,0.06214,0.06157,0.0627,0.06285,0.06196,0.06316,0.06297,0.06289,0.06289,0.06164,0.06095,0.06024,0.06039,0.06028,0.06016,0.06011,0.05937,0.05815,0.057,0.05629,0.05595,0.05411,0.05412,0.05415,0.05387,0.05375,0.05423,0.05529,0.03452,0.03298,0.0325,0.0323,0.03279,0.03262,0.03284,0.03239,0.03185,0.03105,0.03019,0.02924,0.03131,0.02813,0.0283,0.02856,0.02838,0.02799,0.0278,0.02795,0.02833,0.02835,0.02838,0.0282,0.02845,0.02836,0.02837,0.02845,0.02827,0.02814,0.02707,0.0267,0.02605,0.02609,0.02887,0.14354,0.25056,0.57222,0.4435,0.23874,0.29773,0.09937,0.02671,0.02907,0.02683,0.0227,0.02025,0.02134,0.0213,0.01992,0.02005,0.02003,0.01968,0.0202,0.02005,0.02039,0.02081,0.02131,0.02113,0.02106,0.02184,0.02127,0.0214,0.0212,0.0219,0.02186,0.02193,0.02184,0.02167,0.0216,0.02087,0.02073,0.02115,0.02051,0.0195,0.0195,0.01925,0.02004,0.01839,0.02682,0.03912,0.17209,0.31892,0.66157,0.8404,0.35389,0.39651,0.35738,0.3037,0.46006,0.23313,0.63228,0.2838,0.4078,0.38405,0.07461,0.0461,0.02713,0.02382,0.02628,0.02672,0.0238,0.02132,0.02335,0.02424,0.02469,0.02361,0.02482,0.02466,0.02549,0.02421,0.02382,0.02888,0.02564,0.02064,0.02264,0.02297,0.02395,0.02117,0.01805,0.02268,0.02279,0.02313,0.02866,0.01763,0.02636,0.02046,0.01638,0.01679,0.0109,0.01729,0.01756,0.01419,0.01573,0.02813,0.02784,0.01368,0.03552,0.02185,0.01823,0.03885,0.04201,0.0589,0.08208,0.09952,0.04449,0.09673,0.1359,0.65513,0.42388,1.59082,0.04302,1.27001,0.01115
-0.59114,0.21501,0.22554,0.23782,0.25271,0.26926,0.28267,0.296,0.31058,0.3274,0.34293,0.35598,0.36698,0.37839,0.39165,0.40781,0.42542,0.4436,0.46423,0.4872,0.51128,0.53103,0.55696,0.57678,0.59009,0.59398,0.59091,0.59892,0.60777,0.61597,0.62281,0.62493,0.62432,0.63015,0.63495,0.63182,0.6123,0.56706,0.49433,0.40686,0.38092,0.38242,0.38689,0.39835,0.41707,0.44155,0.46192,0.46,0.41884,0.35214,0.33063,0.31855,0.30821,0.29552,0.28096,0.26878,0.25695,0.24365,0.2284,0.20885,0.2005,0.20259,0.20728,0.20987,0.2106,0.21245,0.15169,0.14527,0.14445,0.14359,0.14439,0.14446,0.14445,0.1431,0.14326,0.14378,0.14577,0.1481,0.1474,0.14213,0.14294,0.14154,0.14441,0.14488,0.1443,0.1435,0.1435,0.14295,0.14265,0.14181,0.1412,0.13991,0.13806,0.13726,0.13546,0.13409,0.13393,0.13376,0.1341,0.13565,0.13539,0.17851,0.57855,0.6098,0.51931,0.36596,0.36983,0.1721,0.15152,0.12795,0.13478,0.13723,0.13755,0.13599,0.13408,0.1352,0.13693,0.13693,0.13728,0.13823,0.13951,0.13992,0.13969,0.13884,0.13985,0.14052,0.13982,0.14095,0.14129,0.14226,0.14266,0.14307,0.14287,0.14219,0.1412,0.14208,0.14369,0.14532,0.1446,0.1449,0.14289,0.1422,0.14242,0.1452,0.14675,0.15132,0.18497,0.44582,0.54725,0.80689,0.31828,0.71408,0.44057,0.21651,0.42465,0.23761,0.39148,0.28444,0.55433,0.31457,0.11679,0.20564,0.17211,0.17083,0.1813,0.18273,0.17872,0.16826,0.17492,0.17776,0.1792,0.18353,0.18477,0.18525,0.18688,0.18245,0.18039,0.18202,0.17701,0.18296,0.18178,0.18266,0.18404,0.1821,0.17877,0.17983,0.18403,0.17912,0.17752,0.1827,0.19006,0.18792,0.1846,0.17883,0.17867,0.18007,0.18105,0.17072,0.16601,0.16872,0.18082,0.16951,0.16684,0.15523,0.14334,0.13362,0.15284,0.20792,0.19727,0.15484,0.17005,0.14622,0.21064,0.71691,0.76585,0.56875,0.84976,-0.03484,1.63415,0.25254
-0.42837,0.0797,0.08203,0.08753,0.09547,0.10427,0.11281,0.12323,0.13657,0.15277,0.16714,0.17783,0.18596,0.19484,0.2064,0.22043,0.23505,0.24922,0.26567,0.28092,0.29431,0.30661,0.31595,0.32006,0.31366,0.29565,0.27215,0.26713,0.26436,0.26199,0.25825,0.24735,0.23141,0.22626,0.22797,0.23199,0.22681,0.20839,0.18794,0.17439,0.17637,0.18154,0.18666,0.19149,0.19768,0.20489,0.21158,0.21444,0.21157,0.2065,0.20748,0.20945,0.21149,0.21275,0.21387,0.21506,0.21558,0.21601,0.21463,0.21249,0.21193,0.20918,0.20784,0.20939,0.21161,0.2148,0.18253,0.18179,0.18538,0.18937,0.19356,0.19674,0.1997,0.20231,0.20317,0.20187,0.20164,0.1982,0.20067,0.19765,0.19186,0.18911,0.18766,0.18698,0.18679,0.18703,0.18846,0.18986,0.19209,0.1941,0.19587,0.19706,0.19866,0.19934,0.19925,0.19933,0.19692,0.19561,0.19021,0.18687,0.18199,0.36394,0.83559,0.6682,0.82462,0.59837,0.32854,0.12068,0.12965,0.11753,0.10856,0.11222,0.11081,0.11333,0.1152,0.11872,0.12183,0.1252,0.12837,0.13151,0.13416,0.13679,0.13971,0.14211,0.14375,0.14705,0.14985,0.15227,0.15527,0.15746,0.15879,0.15867,0.15868,0.15772,0.15702,0.15598,0.15447,0.15353,0.15228,0.1523,0.15207,0.15381,0.15294,0.1517,0.15439,0.15844,0.17323,0.23479,0.56084,0.5096,0.54038,0.47575,0.25302,0.95685,0.7085,0.26393,0.7576,0.92193,0.46605,0.33724,0.18099,0.09451,0.10045,0.09813,0.10607,0.10315,0.1123,0.12019,0.11838,0.11297,0.11198,0.10798,0.10929,0.11322,0.10975,0.10975,0.11042,0.10969,0.11272,0.11508,0.11437,0.11569,0.11784,0.11628,0.1154,0.11947,0.12492,0.1207,0.11885,0.11585,0.11914,0.11221,0.10534,0.10531,0.11227,0.10025,0.08985,0.09367,0.10126,0.10188,0.08949,0.09323,0.08991,0.06966,0.07907,0.11521,0.10692,0.11112,0.0778,0.0989,0.13121,0.20913,0.23163,0.14972,0.62083,0.4962,1.23957,0.06631,1.36249,0.04642
